Kennung,Name,Umland,Im Satz,Suchbegriff,Überschrift,SEO-Titel,SEO-Beschreibung,Einleitung
mitte,Hamburg-Mitte,Nein,im Bezirk Hamburg-Mitte,Flohmarkt St. Pauli,Flohmärkte in St. Pauli und Hamburg-Mitte,Flohmarkt St. Pauli & Hamburg-Mitte: alle Termine,"Flohschanze, Nachtflohmarkt, Flohdom Horn und die Märkte in St. Georg: alle Flohmärkte in Hamburg-Mitte mit Terminen, Zeiten und Anfahrt.","Hier liegen einige der bekanntesten Märkte der Stadt: die [Flohschanze](/flohmarkt/flohschanze/) und der [Nachtflohmarkt an der Rindermarkthalle](/flohmarkt/nachtflohmarkt-rindermarkthalle/) in St. Pauli sowie der [Flohdom auf der Horner Rennbahn](/flohmarkt/flohdom-horner-rennbahn/). In St. Georg kommen der [Flohmarkt Hansaplatz](/flohmarkt/flohmarkt-hansaplatz/) und der [Flohmarkt Lange Reihe](/flohmarkt/flohmarkt-lange-reihe/) dazu, am Oberhafen der [Spielzeugflohmarkt](/flohmarkt/spielzeugflohmarkt-oberhafen/)."
altona,Altona,Nein,im Bezirk Altona,Flohmarkt Altona,Flohmärkte in Altona,Flohmarkt Altona: Termine in Altona und Bahrenfeld,Alle Flohmärkte im Bezirk Altona: der Flohdom auf der Trabrennbahn Bahrenfeld und der Nachbarschaftsflohmarkt im HausDrei. Termine und Zeiten.,"Im Bezirk Altona liegen zwei ganz unterschiedliche Märkte: der große [Flohdom auf der Trabrennbahn](/flohmarkt/flohdom-bahrenfeld/) in Bahrenfeld, mittwochs und samstags, und der kleine [Nachbarschaftsflohmarkt im HausDrei](/flohmarkt/flohmarkt-hausdrei-altona/) am zweiten Sonntag im Monat."
nord,Hamburg-Nord,Nein,im Bezirk Hamburg-Nord,Flohmarkt Barmbek,"Flohmärkte in Barmbek, Winterhude und Hamburg-Nord",Flohmarkt Barmbek & Hamburg-Nord: alle Termine,"Museum der Arbeit, Barmbek°Basch, REWE Winterhude, Tausendschön und Langschläfer Flohmarkt: alle Flohmärkte in Hamburg-Nord mit Terminen.","Vom [Kultur-Flohmarkt am Museum der Arbeit](/flohmarkt/kultur-flohmarkt-museum-der-arbeit/) über den Nachbarschaftsmarkt im [Barmbek°Basch](/flohmarkt/flohmarkt-barmbek-basch/) bis zum [Langschläfer Flohmarkt](/flohmarkt/langschlaefer-flohmarkt/) in Fuhlsbüttel: Im Norden der Stadt sind die Märkte kleiner und die Uhrzeiten oft entspannter. Bei Regen bietet sich der überdachte [Parkhausflohmarkt in Winterhude](/flohmarkt/flohmarkt-rewe-winterhude/) an, in Eppendorf gibt es den [Frauenflohmarkt Tausendschön](/flohmarkt/frauenflohmarkt-tausendschoen/)."
eimsbuettel,Eimsbüttel,Nein,im Bezirk Eimsbüttel,Flohmarkt Eimsbüttel,Flohmärkte in Eimsbüttel,Flohmarkt Eimsbüttel: Termine und Märkte,"Flohmärkte in Eimsbüttel: der Platzflohmarkt am Else-Rauch-Platz und Börsen im Hamburg Haus. Alle Termine, Uhrzeiten und Tipps für deinen Besuch.",Eimsbüttel hat den [Platzflohmarkt am Else-Rauch-Platz](/flohmarkt/flohmarkt-else-rauch-platz/) am letzten Sonntag im Monat und mit dem Hamburg Haus einen Ort für Sammlerbörsen wie die [Schallplattenbörse](/flohmarkt/schallplattenboerse-hamburg-haus/).
wandsbek,Wandsbek,Nein,im Bezirk Wandsbek,Flohmarkt Wandsbek,Flohmärkte in Wandsbek,Flohmarkt Wandsbek: Termine in Wandsbek und Berne,"Flohmärkte im Bezirk Wandsbek: jeden Samstag am ehemaligen Telekom-Gelände, dazu überdachte Parkhausmärkte am REWE-Center und in Berne.",Im Bezirk Wandsbek gibt es jeden Samstag den [Flohmarkt auf dem ehemaligen Telekom-Gelände](/flohmarkt/flohmarkt-telekom-gelaende-wandsbek/) an der Walddörfer Straße. Dazu kommen überdachte Märkte in Parkhäusern: im [Parkhaus des REWE-Centers Wandsbek](/flohmarkt/flohmarkt-parkhaus-rewe-wandsbek/) und im [P+R-Parkhaus Berne](/flohmarkt/flohmarkt-parkhaus-berne/).
bergedorf,Bergedorf,Nein,im Bezirk Bergedorf,Flohmarkt Bergedorf,Flohmärkte in Bergedorf,Flohmarkt Bergedorf: Termine und Märkte,"Flohmärkte im Bezirk Bergedorf: der Hallenflohmarkt in der HAW in Lohbrügge, drinnen und wetterunabhängig. Termine, Adresse und Anfahrt.","Im Bezirk Bergedorf steht bisher der [Hallenflohmarkt in der HAW](/flohmarkt/hallenflohmarkt-haw-bergedorf/) im Kalender. Weitere Märkte im Bezirk kommen dazu, sobald ihre Termine bestätigt sind."
pinneberg,Kreis Pinneberg,Ja,im Kreis Pinneberg,Flohmarkt Pinneberg,Flohmärkte im Kreis Pinneberg,Flohmarkt Pinneberg & Umgebung: alle Termine,"Flohmärkte im Kreis Pinneberg: Schenefeld, Rellingen, Halstenbek, Quickborn, Pinneberg und Heist. Alle Termine mit Uhrzeiten und Adressen.","Nordwestlich von Hamburg ist die Flohmarktdichte hoch: vom [Antik- und Trödelmarkt in Schenefeld](/flohmarkt/antik-troedelmarkt-schenefeld/) direkt an der Stadtgrenze über die Märkte in [Rellingen](/flohmarkt/hagebau-flohmarkt-rellingen/), [Halstenbek](/flohmarkt/adler-flohmarkt-halstenbek/), [Quickborn](/flohmarkt/famila-flohmarkt-quickborn/) und [Pinneberg](/flohmarkt/flohmarkt-westring-pinneberg/) bis zum [Privatflohmarkt am Flugplatz Heist](/flohmarkt/flohmarkt-flugplatz-heist/). Viele davon finden auf Parkplätzen von Bau- und Supermärkten statt."
norderstedt,Norderstedt,Ja,in Norderstedt,Flohmarkt Norderstedt,Flohmärkte in Norderstedt,Flohmarkt Norderstedt: Termine und Märkte,"Flohmärkte in Norderstedt: am OBI an der Niendorfer Straße und am Schmuggelstieg. Alle Termine mit Uhrzeiten, Adressen und Tipps für deinen Besuch.","Norderstedt grenzt direkt an Hamburg. Im Herbst stehen der [Flohmarkt am Schmuggelstieg](/flohmarkt/flohmarkt-norderstedt-schmuggelstieg/) und der [Flohmarkt am OBI](/flohmarkt/flohmarkt-obi-norderstedt/) im Kalender. Im Sommer gibt es außerdem Nachtflohmärkte auf dem Rathausplatz in Norderstedt-Mitte, die Saison 2026 ist aber schon vorbei."
ost,Stormarn & Geesthacht,Ja,in Stormarn und Geesthacht,Flohmarkt Ahrensburg,Flohmärkte in Stormarn und Geesthacht,"Flohmarkt Ahrensburg, Reinbek & Stormarn: Termine","Flohmärkte östlich von Hamburg: Ahrensburg, Reinbek, Barsbüttel, Oststeinbek und Geesthacht. Alle Termine mit Uhrzeiten und Adressen.","Östlich von Hamburg finden viele Flohmärkte auf großen, oft überdachten Parkplätzen statt: in [Ahrensburg](/flohmarkt/flohmarkt-famila-ahrensburg/), [Reinbek](/flohmarkt/flohmarkt-famila-reinbek/), [Barsbüttel](/flohmarkt/flohmarkt-hoeffner-barsbuettel/), [Oststeinbek](/flohmarkt/flohmarkt-oststeinbek/) und [Geesthacht](/flohmarkt/flohmarkt-famila-geesthacht/). Das macht sie zu einer guten Wahl bei Schietwetter."
