Kennung,Aktiv,Name,Kurzname,Satzanfang,Ort (Platz),Stadtteil,Adresse,Bezirk,Veranstalter,Kategorien,Rhythmus kurz,Rhythmus im Satz,Kurzbeschreibung,Einleitung,Tipps,Hinweis,Haltestelle,Suchbegriff,SEO-Titel,SEO-Beschreibung,Ratgeber-Artikel
flohdom-bahrenfeld,Ja,Flohdom Bahrenfelder Trabrennbahn,Flohdom Bahrenfeld,Der Flohdom auf der Bahrenfelder Trabrennbahn,Bahrenfelder Trabrennbahn,Bahrenfeld,"Luruper Chaussee 30, 22761 Hamburg",altona,Kreaktiva GmbH,Groß & bekannt,Jeden Mi & Sa,jeden Mittwoch und Samstag,"Großer Markt auf dem Gelände der Trabrennbahn. Wer früh kommt, hat die beste Auswahl.","Der Flohdom auf der Bahrenfelder Trabrennbahn gehört zu den großen Märkten der Stadt und öffnet gleich zweimal pro Woche, mittwochs und samstags. Er gilt als einer der Märkte, die in Hamburg mit der Tradition gebrochen haben, Flohmärkte nur sonntags abzuhalten. Veranstalter ist die Kreaktiva GmbH, die auch den Flohdom in Horn betreibt.","Unter der Woche ist es auf Flohmärkten meist ruhiger als am Samstag. Der Mittwoch lohnt sich also für entspanntes Stöbern.
Für Verkäufer: Laut Veranstalter sind die Samstage im Oktober bereits ausgebucht.
Nicht verwechseln: Einen zweiten Flohdom gibt es samstags auf der [Horner Rennbahn](/flohmarkt/flohdom-horner-rennbahn/).
Wer früh kommt, hat die beste Auswahl, siehe [beste Uhrzeit](/ratgeber/beste-uhrzeit-flohmarkt/).","Am Samstag, 3. Oktober, und am Samstag, 31. Oktober, ist laut Terminkalender des Veranstalters kein Samstagsmarkt in Bahrenfeld. Die Mittwochsmärkte finden wie gewohnt statt.",,Flohdom Bahrenfeld,Flohdom Bahrenfeld: Öffnungszeiten & Termine,"Flohdom auf der Bahrenfelder Trabrennbahn: jeden Mittwoch und Samstag. Öffnungszeiten, nächste Termine, Adresse und Tipps für deinen Besuch.","beste-uhrzeit-flohmarkt, kaufen-beim-aufbau-flohmarkt, handeln-auf-dem-flohmarkt"
flohdom-horner-rennbahn,Ja,Flohdom Horner Rennbahn,Flohdom Horn,Der Flohdom auf der Horner Rennbahn,Galopprennbahn Hamburg-Horn,Horn,"Rennbahnstraße 96, 22111 Hamburg",mitte,Kreaktiva GmbH,Groß & bekannt,Jeden Sa,jeden Samstag,"Einer der größten Märkte der Stadt, auf rund 20.000 m² der Galopprennbahn.","Samstags wird auf der Galopprennbahn in Horn getrödelt, auf einer Fläche von rund 20.000 Quadratmetern. Damit zählt der Flohdom Horn zu den größten Flohmärkten Hamburgs. Wie in Bahrenfeld ist die Kreaktiva GmbH Veranstalter.","Viel Fläche heißt viel Laufen: Bequeme Schuhe und eine stabile Tasche einplanen, siehe [Checkliste für Besucher](/ratgeber/was-mitnehmen-flohmarkt/).
Die U-Bahn-Haltestelle Horner Rennbahn liegt ganz in der Nähe.
Neben der Rasenfläche gibt es laut Veranstalter auch Stände in einer Halle.",,U-Bahn Horner Rennbahn,Flohdom Horn,Flohdom Horner Rennbahn: Öffnungszeiten & Termine,"Flohdom auf der Horner Rennbahn: jeden Samstag, einer der größten Flohmärkte Hamburgs. Öffnungszeiten, nächste Termine, Anfahrt und Tipps.","was-mitnehmen-flohmarkt, beste-uhrzeit-flohmarkt, handeln-auf-dem-flohmarkt"
flohschanze,Ja,Flohschanze,Flohschanze,Die Flohschanze,Flohschanze,St. Pauli,"Neuer Kamp 30, 20357 Hamburg",mitte,marktkultur hamburg,Groß & bekannt,Jeden Sa,jeden Samstag,"Der Klassiker im Schanzenviertel, bei Einheimischen und Gästen gleich beliebt.",Die Flohschanze im Schanzenviertel ist einer der bekanntesten Flohmärkte Hamburgs und findet jeden Samstag statt. Sie ist bei Einheimischen wie bei Gästen beliebt. Veranstalter ist marktkultur hamburg.,"Direkt nebenan an der Rindermarkthalle findet in der Saison der [Nachtflohmarkt](/flohmarkt/nachtflohmarkt-rindermarkthalle/) statt.
Früh kommen lohnt sich für die beste Auswahl, siehe [beste Uhrzeit](/ratgeber/beste-uhrzeit-flohmarkt/).
Handeln gehört dazu, siehe [Handeln auf dem Flohmarkt](/ratgeber/handeln-auf-dem-flohmarkt/).",,U-Bahn Feldstraße,Flohschanze Öffnungszeiten,Flohschanze Hamburg: Öffnungszeiten & Termine,"Die Flohschanze in St. Pauli: jeden Samstag von 8 bis 16 Uhr am Neuen Kamp. Nächste Termine, Anfahrt und Tipps für Hamburgs bekanntesten Flohmarkt.","handeln-auf-dem-flohmarkt, vintage-kleidung-flohmarkt, flohmarkt-knigge"
nachtflohmarkt-rindermarkthalle,Ja,Nachtflohmarkt Rindermarkthalle,Nachtflohmarkt Rindermarkthalle,Der Nachtflohmarkt vor der Rindermarkthalle,Rindermarkthalle St. Pauli,St. Pauli,"Neuer Kamp 31, 20359 Hamburg",mitte,Nachtflohmarkt Rindermarkthalle St. Pauli,Abends,"Jeden Mi & Do, Apr–Okt",von April bis Oktober jeden Mittwoch und Donnerstag,Stöbern nach Feierabend. Die Saison endet im Oktober.,"Vor der Rindermarkthalle in St. Pauli wird in der Saison von April bis Oktober mittwochs und donnerstags nach Feierabend gestöbert, jeweils von 18 bis 22 Uhr. Wie ein Nachtflohmarkt funktioniert, erklärt der Ratgeber-Artikel [Nachtflohmarkt](/ratgeber/nachtflohmarkt/).","Die Saison endet im Oktober. Im Frühjahr geht es wieder los.
Ein Handylicht hilft beim Prüfen der Ware, wenn es dunkel wird.
Samstags findet direkt nebenan die [Flohschanze](/flohmarkt/flohschanze/) statt.",,U-Bahn Feldstraße,Nachtflohmarkt Rindermarkthalle,Nachtflohmarkt Rindermarkthalle: Termine & Zeiten,"Nachtflohmarkt vor der Rindermarkthalle St. Pauli: mittwochs und donnerstags von 18 bis 22 Uhr, April bis Oktober. Alle Termine und Tipps.","nachtflohmarkt, bezahlen-auf-dem-flohmarkt, vintage-kleidung-flohmarkt"
langschlaefer-flohmarkt,Ja,Langschläfer Flohmarkt,Langschläfer Flohmarkt,Der Langschläfer Flohmarkt,Ratsmühlendamm,Fuhlsbüttel,"Ratsmühlendamm 37, 22335 Hamburg",nord,Blum&Gugel GbR,Nachbarschaft,"1. Sa im Monat, Apr–Okt",von April bis Oktober am ersten Samstag im Monat,Beginnt erst um 11 Uhr. Oktober ist der letzte Termin der Saison.,Der Name ist Programm: Der Langschläfer Flohmarkt am Ratsmühlendamm beginnt erst um 11 Uhr und läuft bis 17 Uhr. Er findet von April bis Oktober am ersten Samstag im Monat statt.,"Eine zweite Ausgabe gibt es am Überseeboulevard in der HafenCity, am letzten Samstag im Monat von April bis September, jeweils von 11 bis 16 Uhr.
Oktober ist der letzte Termin der Saison.",,,Langschläfer Flohmarkt,Langschläfer Flohmarkt Ratsmühlendamm: Termine,"Der Langschläfer Flohmarkt am Ratsmühlendamm startet erst um 11 Uhr, am ersten Samstag im Monat von April bis Oktober. Termine, Adresse, Tipps.","beste-uhrzeit-flohmarkt, flohmarkt-knigge, hamburger-flohmarkt-schnack"
flohmarkt-barmbek-basch,Ja,Flohmarkt im Barmbek°Basch,Flohmarkt Barmbek°Basch,Der Flohmarkt im Barmbek°Basch,Kulturzentrum Barmbek°Basch,Barmbek,"Wohldorfer Straße 30, 22081 Hamburg",nord,Kulturpunkt im Basch (Kulturhaus Dehnhaide e.V.),Nachbarschaft,"1. So im Monat, Winterpause",vom Frühjahr bis September am ersten Sonntag im Monat,Kleiner Markt von Nachbarn für Nachbarn am Kulturzentrum.,"Am Kulturzentrum Barmbek°Basch treffen sich am ersten Sonntag im Monat Nachbarn zum Trödeln. Der Markt ist klein und familiär und ein guter Einstieg für alle, denen die großen Samstagsmärkte zu trubelig sind.","Gut für einen [Besuch mit Kindern](/ratgeber/flohmarkt-mit-kindern/).
Ebenfalls in Barmbek: der [Kultur-Flohmarkt am Museum der Arbeit](/flohmarkt/kultur-flohmarkt-museum-der-arbeit/).","Winterpause: Der Termin im September 2026 war laut Veranstalter der letzte in diesem Jahr. Weiter geht es im Frühjahr 2027, die genauen Termine stehen noch nicht fest.",,Flohmarkt Barmbek Basch,Flohmarkt Barmbek°Basch: Termine & Uhrzeiten,"Nachbarschaftsflohmarkt am Barmbek°Basch: erster Sonntag im Monat von 10 bis 15 Uhr, im Winter Pause bis Frühjahr 2027. Adresse und Tipps.","flohmarkt-mit-kindern, flohmarkt-knigge, handeln-auf-dem-flohmarkt"
flohmarkt-hausdrei-altona,Ja,Nachbarschaftsflohmarkt HausDrei,Flohmarkt HausDrei,Der Nachbarschaftsflohmarkt im HausDrei,Stadtteilzentrum HausDrei,Altona,"Hospitalstraße 107, 22767 Hamburg",altona,HausDrei,Nachbarschaft,"2. So im Monat, Mär–Okt",von März bis Oktober am zweiten Sonntag im Monat,"Im Hof des Stadtteilzentrums, familiär und entspannt.",Von März bis Oktober findet am zweiten Sonntag im Monat im Hof des Stadtteilzentrums HausDrei in Altona ein Nachbarschaftsflohmarkt statt. Die Atmosphäre ist familiär.,"Der Oktober-Termin ist der letzte der Saison.
Handeln ja, aber mit Augenmaß: Hier verkaufen vor allem Nachbarn, siehe [Flohmarkt-Knigge](/ratgeber/flohmarkt-knigge/).",,,Flohmarkt HausDrei Altona,Flohmarkt HausDrei Altona: Termine & Zeiten,"Nachbarschaftsflohmarkt im Hof des HausDrei in Altona: zweiter Sonntag im Monat, März bis Oktober, 10 bis 16 Uhr. Termine, Adresse und Tipps.","flohmarkt-mit-kindern, flohmarkt-knigge, kinderflohmarkt-verkaufen"
flohmarkt-else-rauch-platz,Ja,Flohmarkt Else-Rauch-Platz,Flohmarkt Else-Rauch-Platz,Der Flohmarkt auf dem Else-Rauch-Platz,Else-Rauch-Platz,Eimsbüttel,"Else-Rauch-Platz, Hamburg-Eimsbüttel",eimsbuettel,Kulturverein Else-Rauch-Platz e. V.,Nachbarschaft,Letzter So im Monat,am letzten Sonntag im Monat,Platzflohmarkt mitten im Viertel.,"Am letzten Sonntag im Monat wird der Else-Rauch-Platz in Eimsbüttel zum Flohmarkt, von 10 bis 16 Uhr. Ein typischer Platzflohmarkt mitten im Wohnviertel.","Kleine Märkte eignen sich gut, um mit [Hund](/ratgeber/mit-hund-auf-den-flohmarkt/) oder mit [Kindern](/ratgeber/flohmarkt-mit-kindern/) zu stöbern.
Ebenfalls in Eimsbüttel: Börsen im Hamburg Haus, etwa die [Schallplattenbörse](/flohmarkt/schallplattenboerse-hamburg-haus/).",Der Verein hat seine Termine für den Rest des Jahres noch nicht vollständig veröffentlicht. Prüf den Termin vor dem Besuch auf der Website des Vereins.,,Flohmarkt Else-Rauch-Platz,Flohmarkt Else-Rauch-Platz Eimsbüttel: Termine,Platzflohmarkt am Else-Rauch-Platz in Eimsbüttel: jeden letzten Sonntag im Monat von 10 bis 16 Uhr. Nächste Termine und Tipps für deinen Besuch.,"mit-hund-auf-den-flohmarkt, flohmarkt-mit-kindern, flohmarkt-knigge"
kultur-flohmarkt-museum-der-arbeit,Ja,Kultur-Flohmarkt am Museum der Arbeit,Kultur-Flohmarkt Museum der Arbeit,Der Kultur-Flohmarkt am Museum der Arbeit,Museum der Arbeit,Barmbek,"Wiesendamm 3, 22305 Hamburg",nord,marktkultur hamburg,Sammler & Vinyl,Mehrmals pro Saison,mehrmals im Jahr,"Letzter Termin 2026. Viele Sammlerstände, auch für alte Uhren.","Mehrmals im Jahr findet rund um das Museum der Arbeit in Barmbek der Kultur-Flohmarkt statt, jeweils von 9 bis 16 Uhr. Er ist bei Sammlern beliebt, neben Trödel gibt es viele Stände mit alten Uhren und Sammlerstücken. Veranstalter ist marktkultur hamburg in Zusammenarbeit mit dem Museum.","Der 3. Oktober ist der letzte Termin 2026.
Für Sammlerstücke lohnt sich ein Blick in [Antiquitäten erkennen](/ratgeber/antiquitaeten-erkennen-flohmarkt/).",,Bahnhof Barmbek (U- und S-Bahn),Kulturflohmarkt Museum der Arbeit,Kultur-Flohmarkt Museum der Arbeit: Termine 2026,"Kultur-Flohmarkt rund um das Museum der Arbeit in Barmbek: mehrmals im Jahr von 9 bis 16 Uhr, beliebt bei Sammlern. Termine, Anfahrt und Tipps.","antiquitaeten-erkennen-flohmarkt, faelschungen-erkennen-flohmarkt, handeln-auf-dem-flohmarkt"
schallplattenboerse-hamburg-haus,Ja,Hamburger Schallplattenbörse,Schallplattenbörse,Die Hamburger Schallplattenbörse,Hamburg Haus Eimsbüttel,Eimsbüttel,"Doormannsweg 12, 20259 Hamburg",eimsbuettel,,Sammler & Vinyl,Einzeltermin,als Einzeltermin,Vinyl-Börse im Hamburg Haus Eimsbüttel.,Im Hamburg Haus Eimsbüttel treffen sich Vinyl-Fans zur Schallplattenbörse. Gesucht und gefunden wird hier fast nur eins: Platten.,"Vorher lesen: [Schallplatten richtig prüfen](/ratgeber/schallplatten-flohmarkt/).
Bargeld mitnehmen, siehe [Bezahlen auf dem Flohmarkt](/ratgeber/bezahlen-auf-dem-flohmarkt/).",,U-Bahn Emilienstraße,Schallplattenbörse Hamburg,Hamburger Schallplattenbörse Eimsbüttel: Termin,"Schallplattenbörse im Hamburg Haus Eimsbüttel: Vinyl von der Wühlkiste bis zum Sammlerstück. Termin, Adresse, Anfahrt und Tipps zum Plattenkauf.","schallplatten-flohmarkt, elektrogeraete-flohmarkt, bezahlen-auf-dem-flohmarkt"
flohmarkt-hansaplatz,Ja,Flohmarkt Hansaplatz,Flohmarkt Hansaplatz,Der Flohmarkt Hansaplatz,Hansaplatz,St. Georg,"Hansaplatz, 20099 Hamburg",mitte,Marktlust,Nachbarschaft,Wechselnde Samstage,,"Trödeln rund um den Hansabrunnen in St. Georg, nahe Hauptbahnhof.","Auf dem Hansaplatz in St. Georg wird rund um den etwa 17 Meter hohen Hansabrunnen getrödelt, nur wenige Minuten vom Hauptbahnhof entfernt. Veranstalter ist Marktlust, der Eintritt ist frei.","Für Verkäufer: Wer im Postleitzahlgebiet 20099 wohnt, bekommt laut Veranstalter günstigere Standplätze.
Ebenfalls in St. Georg: der [Flohmarkt Lange Reihe](/flohmarkt/flohmarkt-lange-reihe/).",,Hamburg Hauptbahnhof,Flohmarkt Hansaplatz,Flohmarkt Hansaplatz St. Georg: Termine & Zeiten,"Flohmarkt auf dem Hansaplatz in St. Georg: am 10. Oktober von 9 bis 16 Uhr, rund um den Hansabrunnen nahe Hauptbahnhof. Termine und Tipps.",
flohmarkt-lange-reihe,Ja,Flohmarkt Lange Reihe,Flohmarkt Lange Reihe,Der Flohmarkt Lange Reihe,Carl-von-Ossietzky-Platz,St. Georg,"Carl-von-Ossietzky-Platz, 20099 Hamburg",mitte,Marktlust,Nachbarschaft,Mehrere Termine im Jahr,,"Privatflohmarkt an der Langen Reihe, ohne Händler und Neuware.","Am Carl-von-Ossietzky-Platz an der Langen Reihe verkaufen nur Privatleute, Händler und Neuware sind ausgeschlossen. Der Markt startet erst um 11 Uhr und liegt nicht weit von der Außenalster.","Für Verkäufer: Laut Veranstalter gibt es überdachte Plätze gegen Aufpreis und Tische zum Mieten.
Ebenfalls in St. Georg: der [Flohmarkt Hansaplatz](/flohmarkt/flohmarkt-hansaplatz/).",,,Flohmarkt Lange Reihe,Flohmarkt Lange Reihe St. Georg: Termin & Zeiten,"Privatflohmarkt an der Langen Reihe in St. Georg: am 24. Oktober von 11 bis 17 Uhr, ohne Händler und Neuware. Adresse, Anfahrt und Tipps.",
spielzeugflohmarkt-oberhafen,Ja,Spielzeugflohmarkt Oberhafen,Spielzeugflohmarkt,Der Spielzeugflohmarkt Oberhafen,Gleishalle Oberhafen,HafenCity,"Stockmeyerstraße 43, 20457 Hamburg",mitte,Marktlust,"Kinder & Spielzeug, Überdacht",Mehrere Termine im Jahr,,"Puppen, Lego, Eisenbahn und Sammelkarten in der Gleishalle am Oberhafen.","In der Gleishalle am Oberhafen, gleich bei den Deichtorhallen, dreht sich alles um Spielzeug: Puppen, Puzzle, Eisenbahnen, Lego und Sammelkarten. Neuware, Lebensmittel und Genussmittel sind ausgeschlossen. Der nächste Termin nach Oktober ist am 21. November.","Wer selbst Kindersachen verkaufen will, findet Tipps in [Auf dem Kinderflohmarkt verkaufen](/ratgeber/kinderflohmarkt-verkaufen/).",,,Spielzeugflohmarkt Hamburg,Spielzeugflohmarkt Hamburg Oberhafen: Termine,"Spielzeugflohmarkt in der Gleishalle Oberhafen: Puppen, Lego, Eisenbahn und Sammelkarten. Am 31. Oktober von 11 bis 16 Uhr, Eintritt frei.",
flohmarkt-rewe-winterhude,Ja,Flohmarkt REWE Center Winterhude,Flohmarkt REWE Winterhude,Der Flohmarkt REWE Center Winterhude,"REWE Center Winterhude, Parkhaus",Winterhude,"Krohnskamp 31, 22301 Hamburg",nord,C. Hochberg Veranstaltung & Organisation,Überdacht,Mehrere Termine im Jahr,,"Überdachter Flohmarkt im Parkhaus, nur private Anbieter.","Im Parkhaus des REWE Centers am Krohnskamp wird wettergeschützt getrödelt. Zugelassen sind nur private Anbieter, Neuware ist ausgeschlossen. Nach dem 4. Oktober ist der nächste Termin am 1. November.","Mit dem Bus erreichbar, laut Veranstalter mit den Linien 25 und 109.
Parken ist auf dem oberen Parkdeck kostenlos.",,,Flohmarkt Winterhude,Flohmarkt REWE Winterhude: Termine & Uhrzeiten,"Überdachter Flohmarkt im Parkhaus des REWE Centers Winterhude: nur private Anbieter, keine Neuware. Am 4. Oktober von 8:30 bis 16 Uhr.",
frauenflohmarkt-tausendschoen,Ja,Frauenflohmarkt Tausendschön,Frauenflohmarkt Tausendschön,Der Frauenflohmarkt Tausendschön,Kunstklinik Eppendorf,Eppendorf,"Martinistraße 44a, 20251 Hamburg",nord,Flohmarkt Eppendorf,Nachbarschaft,"Mehrmals im Jahr, zwei Tage",,Frauenflohmarkt an zwei Tagen in der Kunstklinik Eppendorf.,"Beim Frauenflohmarkt Tausendschön in der Kunstklinik in Eppendorf verkaufen Frauen. Er findet an zwei Tagen hintereinander statt, im Herbst 2026 am 17. und 18. Oktober und am 14. und 15. November. Veranstaltet wird er von den Macherinnen und Machern der Eppendorfer Flohmärkte.","Am Sonntag kommen laut Veranstalter neue Stände dazu. Ein zweiter Besuch kann sich lohnen.
Für Verkäuferinnen: Alle Termine 2026 sind laut Veranstalter ausgebucht, es gibt eine Warteliste.",,,Frauenflohmarkt Hamburg,Frauenflohmarkt Tausendschön Eppendorf: Termine,"Frauenflohmarkt Tausendschön in der Kunstklinik Eppendorf: am 17. und 18. Oktober sowie 14. und 15. November 2026, jeweils 10 bis 16 Uhr.","vintage-kleidung-flohmarkt, handeln-auf-dem-flohmarkt, flohmarkt-knigge"
hallenflohmarkt-haw-bergedorf,Ja,Hallenflohmarkt HAW Bergedorf,Hallenflohmarkt HAW Bergedorf,Der Hallenflohmarkt HAW Bergedorf,"HAW Hamburg, Campus Bergedorf",Lohbrügge,"Lohbrügger Kirchstraße 65, 21033 Hamburg",bergedorf,C. Hochberg Veranstaltung & Organisation,"Sammler & Vinyl, Überdacht",Termine laut Veranstalter,,"Hallenflohmarkt in der Hochschule, von Antiquitäten bis Taschenuhren.","In den Räumen der Hochschule für Angewandte Wissenschaften in Lohbrügge findet ein Hallenflohmarkt statt, komplett drinnen und damit unabhängig vom Wetter. Laut Veranstalter reicht das Angebot von Antiquitäten über Teddybären bis zu Taschenuhren.","Anfahrt laut Veranstalter mit den Buslinien 221 und 222 ab Bahnhof Bergedorf bis Ruseler Weg.
Die Standplätze sind laut Veranstalter oft schnell ausgebucht.",,,Flohmarkt Bergedorf,Hallenflohmarkt HAW Bergedorf: Termin & Uhrzeit,"Hallenflohmarkt in der HAW in Bergedorf: komplett drinnen, beliebt bei Sammlern. Am 25. Oktober von 8:30 bis 16 Uhr. Adresse, Anfahrt, Tipps.",
flohmarkt-parkhaus-rewe-wandsbek,Ja,Flohmarkt im Parkhaus REWE-Center Wandsbek,Flohmarkt Parkhaus Wandsbek,Der Flohmarkt im Parkhaus REWE-Center Wandsbek,Parkhaus REWE-Center Wandsbek,Wandsbek,"Walddörfer Straße 146, 22041 Hamburg",wandsbek,Menschen & Märkte Veranstaltungen,Überdacht,Termine laut Veranstalter,,"Flohmarkt im Parkhaus, geschützt vor Regen.","Im Parkhaus des REWE-Centers an der Walddörfer Straße wird wettergeschützt getrödelt, im Herbst 2026 am 18. Oktober und am 6. Dezember. Veranstalter ist Menschen & Märkte Veranstaltungen.",,Die Uhrzeit hat der Veranstalter noch nicht veröffentlicht.,,Flohmarkt Wandsbek,Flohmarkt Wandsbek Parkhaus REWE-Center: Termin,Flohmarkt im Parkhaus des REWE-Centers Wandsbek an der Walddörfer Straße: wettergeschützt trödeln am 18. Oktober und 6. Dezember 2026.,
flohmarkt-parkhaus-berne,Ja,Floh- und Trödelmarkt P+R-Parkhaus Berne,Flohmarkt P+R Berne,Der Floh- und Trödelmarkt P+R-Parkhaus Berne,P+R-Parkhaus Berne,Berne,"Berner Heerweg 407, 22147 Hamburg",wandsbek,Menschen & Märkte Veranstaltungen,Überdacht,Termine laut Veranstalter,,Trödelmarkt im P+R-Parkhaus an der U-Bahn Berne.,"Im P+R-Parkhaus am Berner Heerweg findet ein Floh- und Trödelmarkt statt, überdacht und direkt an der U-Bahn-Haltestelle Berne. Veranstalter ist Menschen & Märkte Veranstaltungen. Nach dem 31. Oktober ist der nächste Termin am 20. Dezember.",,,U-Bahn Berne,Flohmarkt Berne,Flohmarkt P+R-Parkhaus Berne: Termin & Anfahrt,"Floh- und Trödelmarkt im P+R-Parkhaus Berne: überdacht, direkt an der U-Bahn, am 31. Oktober und 20. Dezember von 8 bis 16 Uhr.",
flohmarkt-telekom-gelaende-wandsbek,Ja,Flohmarkt auf dem ehemaligen Telekom-Gelände,Flohmarkt Telekom-Gelände Wandsbek,Der Flohmarkt auf dem ehemaligen Telekom-Gelände,Ehemaliges Telekom-Gelände Wandsbek,Wandsbek,"Walddörfer Straße 103, 22041 Hamburg",wandsbek,KK-Veranstaltungen,,Jeden Sa,jeden Samstag,Samstagsflohmarkt für Frühaufsteher auf dem Gelände der ehemaligen Telekom.,"Jeden Samstag wird auf dem Gelände der ehemaligen Telekom an der Walddörfer Straße getrödelt, schon ab 6 Uhr morgens. Laut Veranstalter sind neben Gebrauchtem auch Stände mit Neuware erlaubt. Veranstalter ist KK-Veranstaltungen.","Wer früh kommt, hat die beste Auswahl, siehe [beste Uhrzeit](/ratgeber/beste-uhrzeit-flohmarkt/).
Wie du Händler von Privatleuten unterscheidest, steht in [Privat oder Händler?](/ratgeber/haendler-erkennen-flohmarkt/)",Das Ende gibt der Veranstalter mit „ca. 15 Uhr“ an.,,Flohmarkt Wandsbek Samstag,Flohmarkt Wandsbek: jeden Samstag am Telekom-Gelände,"Jeden Samstag Flohmarkt auf dem ehemaligen Telekom-Gelände in Wandsbek, Walddörfer Straße 103, ab 6 Uhr. Termine, Adresse und Tipps.","beste-uhrzeit-flohmarkt, kaufen-beim-aufbau-flohmarkt, haendler-erkennen-flohmarkt"
antik-troedelmarkt-schenefeld,Ja,Antik- und Trödelmarkt Schenefeld,Trödelmarkt Schenefeld,Der Antik- und Trödelmarkt Schenefeld,Stadtzentrum Schenefeld,Schenefeld,"Kiebitzweg 2, 22869 Schenefeld",pinneberg,marktkultur hamburg,"Sammler & Vinyl, Umland","Monatlich, Pause Mai–Aug",,"Antik- und Trödelmarkt am Stadtzentrum, direkt an der Hamburger Stadtgrenze.","Direkt an der Hamburger Stadtgrenze findet am Stadtzentrum Schenefeld ein Antik- und Trödelmarkt statt, veranstaltet von marktkultur hamburg, die auch die [Flohschanze](/flohmarkt/flohschanze/) betreiben. Die weiteren Termine 2026 sind der 8. November und der 6. Dezember. In den Sommermonaten Mai bis August pausiert der Markt.",,,,Flohmarkt Schenefeld,Antik- und Trödelmarkt Schenefeld: Termine 2026,"Antik- und Trödelmarkt im Stadtzentrum Schenefeld: am 4. Oktober, 8. November und 6. Dezember jeweils von 9 bis 16 Uhr. Adresse und Tipps.",
flohmarkt-flugplatz-heist,Ja,Flohmarkt Flugplatz Heist,Flohmarkt Flugplatz Heist,Der Flohmarkt Flugplatz Heist,Flugplatz Uetersen/Heist,Heist,"Bültenkoppel 19, 25492 Heist",pinneberg,Marktlust,"Groß & bekannt, Umland",Mehrere Termine pro Saison,,"Privatflohmarkt mit bis zu 170 Ständen am Flugplatz, bei jedem Wetter.","Auf dem Gelände des Flugplatzes Uetersen/Heist ist Platz für bis zu 170 Stände. Verkaufen dürfen nur Privatleute, Neuware und Händler sind ausgeschlossen. Der Markt findet laut Veranstalter bei jedem Wetter statt.","Für Verkäufer: Plätze kann man online buchen oder spontan am Markttag reservieren.
Gastronomie und Toiletten gibt es vor Ort.",,,Flohmarkt Heist,Flohmarkt Flugplatz Heist: Termine & Uhrzeiten,"Privatflohmarkt am Flugplatz Uetersen/Heist mit bis zu 170 Ständen: am 4. und 18. Oktober von 9 bis 15 Uhr, bei jedem Wetter. Adresse, Tipps.",
famila-flohmarkt-quickborn,Ja,Quickborner famila-Flohmarkt,Flohmarkt famila Quickborn,Der Quickborner famila-Flohmarkt,famila Quickborn,Quickborn,"Pascalstraße 9, Quickborn",pinneberg,Flohmarkt-Horst,Umland,Termine laut Veranstalter,,Flohmarkt auf dem famila-Gelände nahe der A7.,"Auf dem Gelände des famila-Markts in Quickborn, nahe der A7, veranstaltet Flohmarkt-Horst einen Flohmarkt von 8 bis 16 Uhr.",,,,Flohmarkt Quickborn,Flohmarkt famila Quickborn: Termin & Uhrzeit,"Flohmarkt auf dem famila-Gelände in Quickborn nahe der A7: am Sonntag, 4. Oktober, von 8 bis 16 Uhr. Adresse, Anfahrt und Tipps für deinen Besuch.",
hagebau-flohmarkt-rellingen,Ja,Rellinger Hagebau-Flohmarkt,Flohmarkt Hagebau Rellingen,Der Rellinger Hagebau-Flohmarkt,Hagebaumarkt Rellingen,Rellingen,"Eichenstraße 30–40, Rellingen",pinneberg,Flohmarkt-Horst,Umland,Termine laut Veranstalter,,"Flohmarkt auf den Parkplätzen des Hagebaumarkts, nahe A23.","Auf den Parkplätzen des Rellinger Hagebaumarkts, nahe der A23-Abfahrt Pinneberg-Mitte, wird von 8 bis 16 Uhr getrödelt. Standaufbau ist laut Veranstalter ab 6 Uhr möglich.",,,,Flohmarkt Rellingen,Flohmarkt Hagebau Rellingen: Termin & Uhrzeit,"Flohmarkt auf den Parkplätzen des Hagebaumarkts in Rellingen, nahe der A23: am Sonntag, 11. Oktober, von 8 bis 16 Uhr. Adresse und Tipps.",
adler-flohmarkt-halstenbek,Ja,ADLER-Flohmarkt Halstenbek,Flohmarkt ADLER Halstenbek,Der ADLER-Flohmarkt Halstenbek,ADLER-Modemarkt Halstenbek,Halstenbek,"Seemoorweg 3, Halstenbek",pinneberg,Flohmarkt-Horst,Umland,Termine laut Veranstalter,,Flohmarkt auf dem Gelände des ADLER-Modemarkts an der Wohnmeile.,"Auf dem Gelände des ADLER-Modemarkts an der Halstenbeker Wohnmeile findet ein Flohmarkt von Flohmarkt-Horst statt, von 8 bis 16 Uhr.",,,,Flohmarkt Halstenbek,Flohmarkt ADLER Halstenbek: Termin & Uhrzeit,"Flohmarkt auf dem Gelände des ADLER-Modemarkts an der Wohnmeile Halstenbek: am Sonntag, 18. Oktober, von 8 bis 16 Uhr. Adresse und Tipps.",
flohmarkt-westring-pinneberg,Ja,Pinneberger Flohmarkt am Westring,Flohmarkt Westring Pinneberg,Der Pinneberger Flohmarkt am Westring,Westring-Gelände Pinneberg,Pinneberg,"Westring 10, Pinneberg",pinneberg,Flohmarkt-Horst,Umland,Termine laut Veranstalter,,Flohmarkt auf dem Gelände am toom-Baumarkt neben famila.,"Am Westring in Pinneberg trödelt man auf dem Gelände am toom-Baumarkt, gleich neben famila. Veranstalter ist Flohmarkt-Horst, der Markt läuft von 8 bis 16 Uhr.",,,,Flohmarkt Pinneberg,Flohmarkt Pinneberg Westring: Termin & Uhrzeit,"Flohmarkt am Westring in Pinneberg, auf dem Gelände am toom-Baumarkt neben famila: am Samstag, 31. Oktober, von 8 bis 16 Uhr. Adresse, Tipps.",
flohmarkt-obi-norderstedt,Ja,Flohmarkt OBI Norderstedt,Flohmarkt OBI Norderstedt,Der Flohmarkt OBI Norderstedt,OBI Norderstedt,Norderstedt,"Niendorfer Straße 85, 22848 Norderstedt",norderstedt,Menschen & Märkte Veranstaltungen,Umland,Mehrere Termine im Jahr,,Flohmarkt am OBI-Markt mit wetterfesten Marktständen.,"Am OBI-Markt an der Niendorfer Straße veranstaltet Menschen & Märkte einen Flohmarkt. Laut Ankündigung werden wetterfeste Marktstände mit Tisch und Dach gestellt. Mitmachen kann jeder, die Platzvergabe beginnt morgens ab 6 Uhr. Der nächste Termin nach Oktober ist am 8. November.",,,,Flohmarkt OBI Norderstedt,Flohmarkt OBI Norderstedt: Termine & Uhrzeiten,"Flohmarkt am OBI Norderstedt: am 11. Oktober und 8. November von 8 bis 16 Uhr, mit wetterfesten Marktständen. Adresse, Anfahrt und Tipps.",
flohmarkt-norderstedt-schmuggelstieg,Ja,Flohmarkt Norderstedt Schmuggelstieg,Flohmarkt Schmuggelstieg,Der Flohmarkt Norderstedt Schmuggelstieg,Schmuggelstieg Norderstedt,Norderstedt,"Bärenhof 22, 22848 Norderstedt",norderstedt,Menschen & Märkte Veranstaltungen,Umland,Termine laut Veranstalter,,"Flohmarkt am Schmuggelstieg, direkt an der Grenze zu Hamburg.","Am Schmuggelstieg, direkt an der Grenze zu Hamburg, findet am Feiertag ein Flohmarkt statt. Angekündigt wird er von der Interessengemeinschaft Ochsenzoll, in Terminportalen ist Menschen & Märkte als Veranstalter genannt.",,,,Flohmarkt Schmuggelstieg,Flohmarkt Norderstedt Schmuggelstieg: Termin,"Flohmarkt am Schmuggelstieg in Norderstedt am Feiertag, Samstag, 3. Oktober, direkt an der Grenze zu Hamburg. Adresse, Anfahrt und Tipps.",
flohmarkt-hoeffner-barsbuettel,Ja,Flohmarkt Höffner Barsbüttel,Flohmarkt Höffner Barsbüttel,Der Flohmarkt Höffner Barsbüttel,Höffner Barsbüttel,Barsbüttel,"Rahlstedter Straße 1, 22885 Barsbüttel",ost,C. Hochberg Veranstaltung & Organisation,Umland,Termine laut Veranstalter,,Flohmarkt am Möbelhaus Höffner direkt an der A1.,"Am Möbelhaus Höffner in Barsbüttel, direkt an der A1, veranstaltet Hochberg einen Flohmarkt. Mit dem Bus ist er laut Veranstalter über die Linie 263 erreichbar.",,,,Flohmarkt Barsbüttel,Flohmarkt Höffner Barsbüttel: Termin & Uhrzeit,"Flohmarkt am Möbelhaus Höffner in Barsbüttel direkt an der A1: am Sonntag, 4. Oktober, von 8:30 bis 16 Uhr. Adresse, Anfahrt und Tipps.",
flohmarkt-famila-ahrensburg,Ja,Flohmarkt famila Ahrensburg,Flohmarkt famila Ahrensburg,Der Flohmarkt famila Ahrensburg,famila Ahrensburg,Ahrensburg,"Carl-Backhaus-Straße 46, 22926 Ahrensburg",ost,C. Hochberg Veranstaltung & Organisation,"Überdacht, Umland",Mehrmals pro Saison,,Großer Flohmarkt mit viel Überdachung auf dem famila-Gelände.,"Auf dem famila-Gelände in Ahrensburg, an der A1 zwischen Hamburg und Lübeck, findet mehrmals im Jahr ein großer Flohmarkt statt. Ein großes Dach macht ihn weitgehend wetterunabhängig. Mit der Regionalbahn geht es laut Veranstalter bis zur Haltestelle Gartenholz.",,,,Flohmarkt Ahrensburg,Flohmarkt famila Ahrensburg: Termine 2026,"Flohmarkt auf dem famila-Gelände in Ahrensburg mit großer Überdachung, bei jedem Wetter: Sonntag, 11. Oktober, 8:30 bis 16 Uhr. Adresse, Anfahrt.",
flohmarkt-famila-reinbek,Ja,Flohmarkt famila Reinbek,Flohmarkt famila Reinbek,Der Flohmarkt famila Reinbek,famila Reinbek,Reinbek,"Liebigstraße 2, 21465 Reinbek",ost,C. Hochberg Veranstaltung & Organisation,"Überdacht, Umland",Mehrmals im Jahr,,Überdachter Flohmarkt auf dem famila-Parkplatz.,Auf dem famila-Parkplatz in Reinbek wird unter einer großen Überdachung getrödelt. Nach dem 18. Oktober folgen 2026 noch Termine am 8. November und am 13. Dezember.,"Anfahrt laut Veranstalter mit der Buslinie 136 ab S-Bahnhof Reinbek bis Holsteiner Straße.
Am Markttag gilt eine Einbahnstraßenregelung, die Zufahrt ist nur über die K80 und den Glinder Weg möglich.",,,Flohmarkt Reinbek,Flohmarkt famila Reinbek: Termine & Uhrzeiten,"Überdachter Flohmarkt auf dem famila-Parkplatz in Reinbek: am 18. Oktober von 8:30 bis 16 Uhr, weitere Termine am 8. November und 13. Dezember.",
flohmarkt-oststeinbek,Ja,Flohmarkt Oststeinbek,Flohmarkt Oststeinbek,Der Flohmarkt Oststeinbek,"Oststeinbek, Willinghusener Weg",Oststeinbek,"Willinghusener Weg 1, 22113 Oststeinbek",ost,Menschen & Märkte Veranstaltungen,Umland,Mehrere Termine im Jahr,,"Flohmarkt in Oststeinbek, direkt an der Hamburger Stadtgrenze.","Auf dem großen Parkplatz des Ostkreuz Centers am Willinghusener Weg in Oststeinbek veranstaltet Menschen & Märkte einen Flohmarkt, im Herbst 2026 am 25. Oktober und am 29. November. Laut Veranstalter gibt es auch wetterfeste Marktstände mit Tisch und Dach.",,,,Flohmarkt Oststeinbek,Flohmarkt Oststeinbek: Termine 2026,"Flohmarkt am Ostkreuz Center in Oststeinbek an der Hamburger Stadtgrenze: am 25. Oktober und 29. November 2026, jeweils 8 bis 16 Uhr.",
flohmarkt-famila-geesthacht,Ja,Flohmarkt famila Geesthacht,Flohmarkt famila Geesthacht,Der Flohmarkt famila Geesthacht,famila Geesthacht,Geesthacht,"Spandauer Straße 31, 21502 Geesthacht",ost,C. Hochberg Veranstaltung & Organisation,"Überdacht, Umland",Termine laut Veranstalter,,"Open-Air-Flohmarkt mit überdachten Plätzen, nahe am Kanal.","Auf dem famila-Parkplatz in Geesthacht, nahe am Kanal, findet ein Open-Air-Flohmarkt mit überdachten Plätzen statt. Mit dem Bus erreichst du ihn unter anderem mit der Linie 539.",Laut Veranstalter ist auf diesem Markt keine Neuware erlaubt.,,,Flohmarkt Geesthacht,Flohmarkt famila Geesthacht: Termin & Anfahrt,"Flohmarkt auf dem famila-Parkplatz in Geesthacht mit überdachten Plätzen: Sonntag, 11. Oktober, von 8:30 bis 16 Uhr. Adresse und Anfahrt.",
