Kennung,Aktiv,Bereich,Suchbegriff,Suchabsicht,SEO-Titel,SEO-Beschreibung,Überschrift,Kurz gesagt,Abschnitte,Häufige Fragen,Verwandte Artikel,Rechtshinweis,Auf Startseite
beste-uhrzeit-flohmarkt,Ja,kaufen,beste Uhrzeit Flohmarkt,Info,Beste Uhrzeit für den Flohmarkt: früh oder spät kommen?,"Früh gibt es die beste Auswahl, spät die besten Preise. So findest du die richtige Uhrzeit für deinen Flohmarktbesuch, je nachdem was du suchst.",Wann ist die beste Uhrzeit für den Flohmarkt?,"Für die größte Auswahl kommst du in der ersten Stunde nach Marktbeginn. Die besten Preise gibt es meist in der letzten Stunde vor Marktende, weil viele Verkäufer ungern wieder einpacken.","## Früh kommen, wenn du etwas Bestimmtes suchst
Sammler und Händler sind oft schon beim Aufbau unterwegs. Seltene Stücke, gute Möbel und Markenkleidung sind nach der ersten Stunde häufig weg. Im Herbst hilft eine kleine Taschenlampe, weil es morgens noch dunkel ist.

## Spät kommen, wenn du günstig kaufen willst
Kurz vor Schluss wird verhandelbar, was morgens noch fest war. Manche Stände verkaufen dann Kisten zum Pauschalpreis. Wie du dabei fair bleibst, steht im Artikel [Handeln auf dem Flohmarkt](/ratgeber/handeln-auf-dem-flohmarkt/).

## Mittags: entspannt stöbern
Zur Mittagszeit ist es auf vielen Märkten ruhiger. Das ist die beste Zeit für einen [Besuch mit Kindern](/ratgeber/flohmarkt-mit-kindern/) oder zum ersten Kennenlernen eines Markts. Wer lieber abends stöbert, findet Alternativen unter [Nachtflohmarkt](/ratgeber/nachtflohmarkt/).","F: Darf ich schon beim Aufbau kaufen?
A: Das entscheidet der Verkäufer. Viele sehen es nicht gern, weil es den Aufbau aufhält. Frag freundlich und akzeptiere ein Nein.

F: Wann beginnen Flohmärkte in Hamburg?
A: Die großen Samstagsmärkte öffnen oft zwischen 6 und 8 Uhr, Nachbarschaftsmärkte eher um 10 Uhr. Die genauen Zeiten stehen im [Terminkalender](/termine/).","handeln-auf-dem-flohmarkt, was-mitnehmen-flohmarkt, nachtflohmarkt, flohmarkt-mit-kindern",Nein,Nein
handeln-auf-dem-flohmarkt,Ja,kaufen,auf dem Flohmarkt handeln,Info,Handeln auf dem Flohmarkt: So feilschst du fair,"Wie viel darf man runterhandeln, wie fragt man nach dem Preis und wann ist Feilschen unhöflich? Praktische Regeln fürs Handeln auf dem Flohmarkt.",Handeln auf dem Flohmarkt: So feilschst du fair,"Frag zuerst nach dem Preis, nenne dann ein freundliches Gegenangebot, das spürbar, aber nicht beleidigend darunter liegt. Wer mehrere Teile kauft, bekommt fast immer einen besseren Gesamtpreis.","## Die Grundregel: erst fragen, dann bieten
Ein Preis auf dem Etikett ist ein Startpunkt, kein Ultimatum. Frag „Was möchten Sie dafür haben?“, wenn nichts dransteht. Ein erstes Gegenangebot zwischen der Hälfte und zwei Dritteln des Preises ist auf den meisten Märkten üblich.

## Bündeln statt drücken
Drei Bücher für einen runden Betrag sind für beide Seiten angenehmer als um jeden Euro einzeln zu ringen. Wie Verkäufer ihre Preise überhaupt festlegen, erklärt [Preise festlegen](/ratgeber/preise-festlegen-flohmarkt/).

## Wann du besser nicht handelst
Bei Kinderflohmärkten, Kitaflohmärkten und Ständen für einen guten Zweck ist hartes Feilschen unpassend. Und wer mit großem Schein bezahlt, sollte vorher klären, ob der Stand wechseln kann. Mehr dazu unter [Bezahlen auf dem Flohmarkt](/ratgeber/bezahlen-auf-dem-flohmarkt/).","F: Ist Handeln auf dem Flohmarkt unhöflich?
A: Nein, es gehört dazu. Unhöflich wird es erst, wenn man Ware schlechtredet oder ein sehr niedriges Angebot mehrfach wiederholt.

F: Wann lässt sich am besten handeln?
A: Kurz vor Marktende. Dann möchten viele Verkäufer nicht wieder einpacken. Siehe [beste Uhrzeit](/ratgeber/beste-uhrzeit-flohmarkt/).","beste-uhrzeit-flohmarkt, preise-festlegen-flohmarkt, flohmarkt-knigge, hamburger-flohmarkt-schnack",Nein,Ja
bezahlen-auf-dem-flohmarkt,Ja,kaufen,Flohmarkt bezahlen PayPal Karte,Info,"Bar, PayPal oder Karte: Wie bezahlt man auf dem Flohmarkt?","Auf dem Flohmarkt zählt meist Bargeld. Wann PayPal und Karte gehen, welche Scheine du mitnehmen solltest und worauf Verkäufer bei Zahl-Apps achten.",Wie bezahlt man auf dem Flohmarkt?,"Bargeld ist auf Flohmärkten immer noch Standard. Nimm Münzen und kleine Scheine bis 20 Euro mit. Viele private Verkäufer akzeptieren inzwischen auch PayPal, fragen solltest du trotzdem vorher.","## Bargeld: kleine Scheine gewinnen
Mit einem 50-Euro-Schein für ein 2-Euro-Teil macht man sich morgens keine Freunde. Kleingeld beschleunigt jeden Kauf und hilft beim [Handeln](/ratgeber/handeln-auf-dem-flohmarkt/).

## PayPal und andere Apps
Bei Zahlungen unter Privatleuten ist „Freunde und Familie“ üblich. Käufer haben dann keinen Käuferschutz, was bei einem Kauf vor Ort, bei dem man die Ware sieht, meist vertretbar ist. Verkäufer sollten warten, bis die Zahlung sichtbar eingegangen ist.

## Kartenzahlung
Kartenterminals sieht man vor allem bei Händlern und größeren Ständen. Wer als Verkäufer darüber nachdenkt, findet im Artikel [Wechselgeld](/ratgeber/wechselgeld-flohmarkt/) Tipps für die Kasse.","F: Gibt es auf Flohmärkten Geldautomaten?
A: Meist nicht. Hebe vorher ab, besonders bei Märkten auf Rennbahnen oder Parkplätzen am Stadtrand.

F: Muss ein privater Verkäufer eine Quittung geben?
A: Nein, eine Pflicht gibt es unter Privatleuten nicht. Bei teuren Stücken ist ein kurzer schriftlicher Beleg trotzdem sinnvoll.","was-mitnehmen-flohmarkt, wechselgeld-flohmarkt, handeln-auf-dem-flohmarkt, diebstahl-am-flohmarktstand",Nein,Nein
was-mitnehmen-flohmarkt,Ja,kaufen,was mitnehmen Flohmarkt,Info,Was mitnehmen auf den Flohmarkt? Die Checkliste für Besucher,"Bargeld, Tasche, Maßband und Handy-Akku: Diese Dinge solltest du zum Flohmarkt mitnehmen, damit du nichts Gutes stehen lassen musst.",Was mitnehmen auf den Flohmarkt? Checkliste für Besucher,"Nimm Bargeld in kleinen Scheinen, eine stabile Tasche oder einen Rucksack, ein Maßband und ein geladenes Handy mit. Für Möbel lohnt sich ein Plan, wie du sie nach Hause bekommst.","## Die Basis
Bargeld mit Kleingeld, eine faltbare Tasche, Wasser und wetterfeste Kleidung. Warum Bargeld wichtig bleibt, steht unter [Bezahlen auf dem Flohmarkt](/ratgeber/bezahlen-auf-dem-flohmarkt/).

## Für gezielte Käufe
Ein Maßband und die Maße deiner Wohnung im Handy, wenn du Möbel suchst. Für Elektrogeräte hilft eine kleine Powerbank mit Kabel, um Anschlüsse zu testen. Mehr dazu unter [Elektrogeräte vom Flohmarkt](/ratgeber/elektrogeraete-flohmarkt/).

## Für den Heimweg
Große Stücke passen selten in die Bahn. Frag, ob der Verkäufer etwas bis Marktende aufbewahrt, und plane ein Auto oder Lastenrad ein.","F: Brauche ich auf dem Flohmarkt eine Tasche?
A: Ja. Viele Verkäufer haben keine Tüten. Eine eigene Tasche ist praktisch und spart Plastik.

F: Was ziehe ich an?
A: Bequeme Schuhe und Kleidung in Schichten. Frühmorgens ist es auch im Sommer oft kühl.","bezahlen-auf-dem-flohmarkt, beste-uhrzeit-flohmarkt, flohmarkt-bei-regen, checkliste-flohmarktstand",Nein,Nein
faelschungen-erkennen-flohmarkt,Ja,kaufen,Fälschung erkennen Flohmarkt,Info,Markenware auf dem Flohmarkt: So erkennst du Fälschungen,Zu günstige Designertaschen und neue Ware in Serie sind Warnzeichen. Woran du Fälschungen auf dem Flohmarkt erkennst und warum der Verkauf verboten ist.,Markenware auf dem Flohmarkt: Fälschungen erkennen,"Vorsicht bei neuer Markenware in Stückzahlen, bei Preisen weit unter dem Gebrauchtwert und bei unsauberen Nähten, Logos oder Etiketten. Echte Gebrauchtware hat Tragespuren und passt zu ihrem Alter.","## Die typischen Warnzeichen
Mehrere gleiche Artikel in verschiedenen Größen, Originalverpackung ohne Gebrauchsspuren, falsch geschriebene Markennamen und billiges Material. Ein privater Stand verkauft meist Einzelstücke. Wie du Händler erkennst, steht unter [Privat oder Händler?](/ratgeber/haendler-erkennen-flohmarkt/).

## Warum das auch dich betrifft
Der Verkauf von Fälschungen ist verboten und kann für den Verkäufer teuer werden. Für private Käufer ist ein Einzelstück für den Eigengebrauch in Deutschland in der Regel nicht strafbar, das Geld ist aber meist weg. Was sonst nicht verkauft werden darf, steht in [Verbotene Waren](/ratgeber/verbotene-waren-flohmarkt/).","F: Darf ich eine gefälschte Tasche auf dem Flohmarkt verkaufen?
A: Nein, auch nicht als Privatperson und auch nicht, wenn sie als Fälschung gekennzeichnet ist.

F: Kann ich gekaufte Fälschungen zurückgeben?
A: Bei Privatverkäufern ist das schwierig. Mehr zu deinen Rechten unter [Rückgabe und Gewährleistung](/ratgeber/rueckgabe-gewaehrleistung-flohmarkt/).","verbotene-waren-flohmarkt, haendler-erkennen-flohmarkt, rueckgabe-gewaehrleistung-flohmarkt, vintage-kleidung-flohmarkt",Nein,Nein
elektrogeraete-flohmarkt,Ja,kaufen,Elektrogeräte Flohmarkt kaufen,Info,Elektrogeräte vom Flohmarkt kaufen: Worauf du achten musst,"Kabel, Stecker, Akkus und Gerüche: So prüfst du gebrauchte Elektrogeräte auf dem Flohmarkt, bevor du bezahlst, und welche Geräte du besser meidest.",Elektrogeräte vom Flohmarkt: So prüfst du vor dem Kauf,"Prüfe Kabel und Stecker auf Brüche, riech an Netzteilen und Lüftungsschlitzen und frag nach einer Steckdose zum Testen. Geräte mit aufgeblähten Akkus oder beschädigter Isolierung solltest du nicht kaufen.","## Sichtprüfung in einer Minute
Knicke im Kabel, lose Stecker, fehlende Schrauben und Brandspuren sind Ausschlussgründe. Bei Akkugeräten ist ein gewölbtes Gehäuse ein Warnsignal.

## Funktion testen
Manche Märkte haben Stände mit Strom. Sonst hilft eine kleine Powerbank für USB-Geräte. Frag, ob du das Gerät zurückbringen darfst, wenn es zu Hause nicht läuft. Eine Pflicht dazu gibt es bei Privatleuten meist nicht, siehe [Gewährleistung](/ratgeber/rueckgabe-gewaehrleistung-flohmarkt/).

## Lohnende Klassiker
Plattenspieler, Röhrenradios und alte Kameras sind beliebt, brauchen aber oft Wartung. Für Vinyl gibt es eigene Tipps unter [Schallplatten kaufen](/ratgeber/schallplatten-flohmarkt/).","F: Darf man defekte Geräte auf dem Flohmarkt verkaufen?
A: Grundsätzlich ja, wenn sie deutlich als defekt gekennzeichnet sind. Viele Veranstalter regeln das in ihrer Marktordnung.

F: Sind alte Elektrogeräte gefährlich?
A: Sie können es sein. Alte Isolierungen werden brüchig. Im Zweifel vor der Nutzung von einer Fachkraft prüfen lassen.","was-mitnehmen-flohmarkt, rueckgabe-gewaehrleistung-flohmarkt, schallplatten-flohmarkt, gekauft-wie-gesehen",Nein,Nein
vintage-kleidung-flohmarkt,Ja,kaufen,Vintage Kleidung Flohmarkt,Info,Vintage-Kleidung auf dem Flohmarkt kaufen: Qualität erkennen,"Nähte, Stoffe, Etiketten und Größen: So findest du auf dem Flohmarkt gute Vintage-Kleidung und erkennst Qualität, die noch Jahre hält.",Vintage-Kleidung auf dem Flohmarkt kaufen,"Prüfe Achseln, Kragen und Reißverschlüsse, lies das Materialetikett und miss statt nach Größe zu kaufen. Ältere Größenangaben fallen oft kleiner aus als heutige.","## Qualität erkennen
Naturfasern wie Wolle, Leinen und Baumwolle altern meist besser als Mischgewebe. Saubere, dichte Nähte und Metallreißverschlüsse sind gute Zeichen. Verfärbungen unter den Armen gehen selten ganz raus.

## Größen richtig einschätzen
Eine Größe 40 aus den Achtzigern entspricht oft nicht der 40 von heute. Nimm ein Maßband mit, siehe [Checkliste für Besucher](/ratgeber/was-mitnehmen-flohmarkt/).

## Marken und Echtheit
Bei gesuchten Marken lohnt ein Blick auf Etikett und Verarbeitung. Tipps dazu unter [Fälschungen erkennen](/ratgeber/faelschungen-erkennen-flohmarkt/).","F: Kann man auf dem Flohmarkt Kleidung anprobieren?
A: Meist nur über der eigenen Kleidung. Manche Märkte wie Mädelsflohmärkte haben Umkleiden.

F: Wie wasche ich Flohmarktkleidung?
A: Vor dem ersten Tragen waschen, empfindliche Stoffe von Hand oder im Wollprogramm.","faelschungen-erkennen-flohmarkt, was-mitnehmen-flohmarkt, second-hand-nachhaltig, handeln-auf-dem-flohmarkt",Nein,Nein
schallplatten-flohmarkt,Ja,kaufen,Schallplatten Flohmarkt,Info,Schallplatten vom Flohmarkt: Zustand richtig prüfen,"Kratzer, Wellen, Hülle und Pressung: So prüfst du Schallplatten auf dem Flohmarkt in wenigen Sekunden und erkennst, welche Platten sich lohnen.",Schallplatten auf dem Flohmarkt: Zustand prüfen,"Zieh die Platte aus der Hülle, halte sie schräg ins Licht und such nach tiefen Kratzern und Wellen. Feine Haarlinien sind oft harmlos, fühlbare Kratzer knacken beim Abspielen.","## Die Lichtprobe
Schräg gehaltenes Licht zeigt Kratzer und Schmutz. Eine gewellte Platte erkennst du, wenn du sie flach auf Augenhöhe drehst.

## Hülle und Innenhülle
Ringabdrücke und Risse mindern den Sammlerwert, nicht den Klang. Originale Innenhüllen mit Texten sind bei Sammlern gefragt.

## Wo es viel Vinyl gibt
Neben normalen Flohmärkten gibt es in Hamburg eigene Schallplattenbörsen, die im [Terminkalender](/termine/) unter „Sammler & Vinyl“ stehen. Bei alten Plattenspielern hilft [Elektrogeräte vom Flohmarkt](/ratgeber/elektrogeraete-flohmarkt/).","F: Was kostet eine Schallplatte auf dem Flohmarkt?
A: Das hängt stark von Titel und Zustand ab. Viele Stände haben Wühlkisten mit Einheitspreisen, gesuchte Pressungen kosten deutlich mehr.

F: Kann ich Platten vor dem Kauf anhören?
A: Auf Plattenbörsen manchmal, auf normalen Flohmärkten selten. Die Sichtprüfung ist daher wichtig.","elektrogeraete-flohmarkt, antiquitaeten-erkennen-flohmarkt, handeln-auf-dem-flohmarkt, flohmaerkte-hamburg",Nein,Nein
antiquitaeten-erkennen-flohmarkt,Ja,kaufen,Antiquitäten erkennen Flohmarkt,Info,"Antiquitäten erkennen: Marken, Stempel und Punzen","Bodenmarken auf Porzellan, Silberstempel wie 800 und 925, Gebrauchsspuren: So erkennst du auf dem Flohmarkt, ob ein Stück wirklich alt und wertvoll ist.",Antiquitäten auf dem Flohmarkt erkennen,"Dreh Porzellan um und such die Bodenmarke, prüf Silber auf eingeschlagene Zahlen wie 800 oder 925 und achte auf Gebrauchsspuren an den richtigen Stellen. Das Handy hilft, Marken direkt nachzuschlagen.","## Porzellan und Keramik
Die Bodenmarke verrät Hersteller und oft die Zeit. Fehlt sie oder wirkt sie aufgedruckt statt unter der Glasur, ist Vorsicht angebracht.

## Silber und Schmuck
Echtes Silber trägt meist eine Feingehaltsangabe, etwa 800 oder 925. „Versilbert“ ist etwas anderes und deutlich weniger wert.

## Alter an Spuren erkennen
Echte Abnutzung sitzt dort, wo man ein Stück anfasst oder abstellt. Gleichmäßige Kratzer überall sind oft künstlich. Wo du viele Sammlerstände findest, zeigt [Flohmarkt, Trödelmarkt, Antikmarkt](/ratgeber/flohmarkt-troedelmarkt-antikmarkt/).","F: Lohnt sich ein Gutachten?
A: Bei Stücken über ein paar hundert Euro Wert ja, vor allem vor einem Weiterverkauf.

F: Darf ich alte Orden oder Militaria kaufen?
A: Stücke mit verfassungswidrigen Kennzeichen dürfen nicht öffentlich angeboten werden. Mehr unter [Verbotene Waren](/ratgeber/verbotene-waren-flohmarkt/).","flohmarkt-troedelmarkt-antikmarkt, verbotene-waren-flohmarkt, faelschungen-erkennen-flohmarkt, schallplatten-flohmarkt",Nein,Nein
flohmarkt-mit-kindern,Ja,kaufen,Flohmarkt mit Kindern,Info,Flohmarkt mit Kindern: Tipps für einen entspannten Besuch,"Taschengeld, Zeitpunkt und Kinderflohmärkte: So wird der Flohmarktbesuch mit Kindern entspannt, und so lernen sie nebenbei den Wert von Geld kennen.",Flohmarkt mit Kindern: So wird es entspannt,"Geh später am Vormittag, wenn es ruhiger ist, gib Kindern ein eigenes kleines Budget in Münzen und wähle für den Anfang einen Kinder- oder Nachbarschaftsflohmarkt.","## Das eigene Budget
Ein paar Euro in Münzen lassen Kinder selbst entscheiden und rechnen. Handeln üben geht gut, solange es freundlich bleibt, siehe [Handeln](/ratgeber/handeln-auf-dem-flohmarkt/).

## Der richtige Markt
Nachbarschaftsflohmärkte sind kleiner und übersichtlicher als die großen Samstagsmärkte. Termine findest du im [Kalender](/termine/) unter „Nachbarschaft“. Speziell für Spielzeug gibt es den [Spielzeugflohmarkt am Oberhafen](/flohmarkt/spielzeugflohmarkt-oberhafen/).

## Selbst verkaufen
Ab dem Grundschulalter macht ein eigener kleiner Stand vielen Kindern Spaß. Tipps dazu unter [Kinderflohmarkt: verkaufen](/ratgeber/kinderflohmarkt-verkaufen/).","F: Ab welchem Alter dürfen Kinder auf dem Flohmarkt verkaufen?
A: Mit Begleitung eines Erwachsenen meist in jedem Alter. Die Regeln legt der Veranstalter fest.

F: Darf man mit Kinderwagen auf den Flohmarkt?
A: Ja, aber auf vollen Märkten ist eine Trage oft praktischer.","kinderflohmarkt-verkaufen, beste-uhrzeit-flohmarkt, kita-flohmarkt-organisieren, handeln-auf-dem-flohmarkt",Nein,Nein
nachtflohmarkt,Ja,kaufen,Nachtflohmarkt,Info/Lokal,Nachtflohmarkt: Was ist anders? Termine in Hamburg,"Stöbern nach Feierabend mit Licht, Musik und Essen: Was einen Nachtflohmarkt ausmacht und wann in Hamburg Nachtflohmärkte stattfinden.",Nachtflohmarkt: Stöbern nach Feierabend,"Ein Nachtflohmarkt findet am Abend statt, meist ab etwa 18 Uhr. Das Angebot ist kleiner und stärker auf Kleidung, Deko und Vintage ausgerichtet, dafür ist die Stimmung entspannter.","## Was anders ist
Weniger Profihändler, mehr private Stände und oft Essen und Musik. Gute Beleuchtung am Stand ist Pflicht, wenn du selbst verkaufst.

## Nachtflohmärkte in Hamburg
Vor der Rindermarkthalle in St. Pauli gibt es in der Saison von April bis Oktober regelmäßig Nachtflohmärkte unter der Woche. Alle Termine stehen auf der Seite [Nachtflohmarkt Rindermarkthalle](/flohmarkt/nachtflohmarkt-rindermarkthalle/).

## Tipps
Handylicht hilft beim Prüfen von Ware. Und wie immer lohnt sich Bargeld, siehe [Bezahlen auf dem Flohmarkt](/ratgeber/bezahlen-auf-dem-flohmarkt/).","F: Wie lange geht ein Nachtflohmarkt?
A: Meist drei bis vier Stunden, oft bis 22 Uhr.

F: Gibt es Nachtflohmärkte auch im Winter?
A: Manche finden drinnen statt. Die Freiluft-Saison endet in Hamburg meist im Oktober.","flohmaerkte-hamburg, beste-uhrzeit-flohmarkt, bezahlen-auf-dem-flohmarkt, flohmarkt-bei-regen",Nein,Nein
flohmarkt-knigge,Ja,knigge,Flohmarkt Knigge,Info,Flohmarkt-Knigge: Die ungeschriebenen Regeln im Überblick,"Moin sagen, beim Aufbau nicht drängeln, fair handeln: Die ungeschriebenen Regeln auf dem Flohmarkt, mit Hamburger Schnack und ohne Zeigefinger.",Flohmarkt-Knigge: Wat sich gehört und wat nich,"Moin sagen, fragen statt grabbeln, beim Aufbau nicht drängeln und fair handeln. Wer das beherzigt, kriegt auf jedem Flohmarkt die netteren Schnacks und oft auch die besseren Preise.","## Moin kost nix
Ein Gruß öffnet Türen. Wer mit Moin an den Stand kommt statt mit „Was kostet das?“, wird selten abgewimmelt. In Hamburg passt Moin übrigens zu jeder Tageszeit, auch nachmittags.

## Die fünf Grundregeln
Erst gucken, dann anfassen. Nicht beim Aufbau in Kisten wühlen. Handeln ja, Ware schlechtreden nein. Zurücklegen lassen nur, wenn du wirklich wiederkommst. Und den Stand nicht mit dem Fahrrad zuparken. Zu den wichtigsten Regeln gibt es eigene Artikel: [Anfassen und Stöbern](/ratgeber/anfassen-flohmarkt/), [Zurücklegen lassen](/ratgeber/zuruecklegen-lassen-flohmarkt/) und [Kaufen beim Aufbau](/ratgeber/kaufen-beim-aufbau-flohmarkt/).

## Wenn's mal hakt
Nich lang schnacken: Will ein Verkäufer nicht handeln, sagst du freundlich tschüss und gehst weiter. Mehr zum Feilschen mit Anstand unter [Handeln auf dem Flohmarkt](/ratgeber/handeln-auf-dem-flohmarkt/). Für Verkäufer gibt es eigene Regeln unter [Gute Standnachbarschaft](/ratgeber/standnachbarn-flohmarkt/).","F: Muss ich etwas kaufen, wenn ich nach dem Preis gefragt habe?
A: Nee. Fragen kost nix. Ein kurzes „Danke, überleg ich mir“ reicht völlig.

F: Warum sagt man in Hamburg den ganzen Tag Moin?
A: Moin ist im Norden ein Gruß für jede Tageszeit. Mehr Wörter im [Hamburger Flohmarkt-Schnack](/ratgeber/hamburger-flohmarkt-schnack/).","anfassen-flohmarkt, zuruecklegen-lassen-flohmarkt, kaufen-beim-aufbau-flohmarkt, hamburger-flohmarkt-schnack",Nein,Ja
anfassen-flohmarkt,Ja,knigge,Flohmarkt Ware anfassen,Info,"Anfassen auf dem Flohmarkt: Was ist erlaubt, was nicht?","Stöbern ja, grabbeln nein: Wie du auf dem Flohmarkt Ware richtig anfasst, wann du vorher fragen solltest und was gilt, wenn mal etwas kaputtgeht.","Anfassen und Stöbern: Wat darf man, wat nich?","Normale Ware darfst du in die Hand nehmen, das gehört zum Stöbern dazu. Bei Zerbrechlichem, Schmuck und allem in Vitrinen fragst du vorher. Und alles kommt so zurück, wie du es gefunden hast.","## Stöbern gehört dazu
Kisten mit Büchern, Platten oder Plünnen sind zum Durchsehen da. Nicht umsortieren, nichts auf dem Boden liegen lassen, Kleidung wieder zusammenlegen.

## Erst fragen bei Wertvollem
Porzellan, Glas, Schmuck und Uhren nur nach einem kurzen „Darf ich mal?“. Worauf du bei alten Stücken achtest, steht in [Antiquitäten erkennen](/ratgeber/antiquitaeten-erkennen-flohmarkt/).

## Wenn was kaputtgeht
Ehrlich sagen und eine Lösung anbieten. Wer aus Unachtsamkeit etwas beschädigt, muss grundsätzlich dafür aufkommen. Meist einigt man sich schnell auf einen fairen Betrag, oft den ausgezeichneten Preis.","F: Darf ich Kleidung anprobieren?
A: Über der eigenen Kleidung meist ja, vorher kurz fragen. Mehr unter [Vintage-Kleidung](/ratgeber/vintage-kleidung-flohmarkt/).

F: Darf ich Ware fotografieren?
A: Frag vorher. Viele Verkäufer mögen es nicht, wenn nur für den Preisvergleich fotografiert wird.","flohmarkt-knigge, zuruecklegen-lassen-flohmarkt, antiquitaeten-erkennen-flohmarkt, vintage-kleidung-flohmarkt",Nein,Nein
zuruecklegen-lassen-flohmarkt,Ja,knigge,Flohmarkt zurücklegen lassen,Info,Zurücklegen lassen auf dem Flohmarkt: So klappt es fair,"Kurz Geld holen oder weiterstöbern? Wie du auf dem Flohmarkt etwas zurücklegen lässt, wann eine Anzahlung fair ist und warum du wiederkommen solltest.",Zurücklegen lassen: Versprochen is versprochen,"Frag freundlich, ob der Verkäufer das Stück bis zu einer bestimmten Uhrzeit zurücklegt, und biete bei teureren Sachen eine kleine Anzahlung an. Dann komm auch wirklich wieder, sonst verliert der Verkäufer womöglich einen anderen Käufer.","## Klare Absprache
Nenn eine Uhrzeit, zum Beispiel „bis zwölf“. Ein Zettel mit deinem Namen am Stück hilft beiden Seiten.

## Anzahlung bei Wertvollem
Bei Möbeln oder teuren Stücken sind ein paar Euro Anzahlung fair. Bei Möbeln klärst du gleich, wie sie nach Hause kommen, siehe [Checkliste für Besucher](/ratgeber/was-mitnehmen-flohmarkt/).

## Wenn du es dir anders überlegst
Kurz Bescheid sagen, auch wenn es unangenehm ist. Wer einfach nicht wiederkommt, macht es allen Stöberern nach ihm schwerer. Eine Anzahlung bleibt dann in der Regel beim Verkäufer.","F: Muss ein Verkäufer etwas zurücklegen?
A: Nee, das ist reine Kulanz.

F: Wie lange wird etwas zurückgelegt?
A: Das bestimmt der Verkäufer. Spätestens zum Marktende sollte es abgeholt sein. Tipps zum Bezahlen unter [Bezahlen auf dem Flohmarkt](/ratgeber/bezahlen-auf-dem-flohmarkt/).","flohmarkt-knigge, handeln-auf-dem-flohmarkt, was-mitnehmen-flohmarkt, bezahlen-auf-dem-flohmarkt",Nein,Nein
kaufen-beim-aufbau-flohmarkt,Ja,knigge,Flohmarkt beim Aufbau kaufen,Info,Kaufen beim Aufbau: Darf man vor Marktbeginn zugreifen?,"Frühe Stöberer mit Taschenlampe gehören zu jedem Flohmarkt. Warum Kaufen beim Aufbau oft nervt, wann es okay ist und wie du dabei höflich bleibst.",Kaufen beim Aufbau: Nu mal sinnig,"Kaufen beim Aufbau ist nicht grundsätzlich verboten, aber viele Verkäufer mögen es nicht. Frag höflich, wühl nicht in Kisten, die noch nicht ausgepackt sind, und akzeptier ein Nein. Manche Märkte untersagen den Verkauf vor Marktbeginn ausdrücklich.","## Warum es nervt
Wer aufbaut, hat die Hände voll und den Kopf bei Tischen, Plane und Auto. Wenn dann Fremde in Kisten greifen, geht schnell etwas kaputt oder verloren, siehe auch [Diebstahl am Stand](/ratgeber/diebstahl-am-flohmarktstand/).

## So geht es sinnig
Abstand halten, kurz fragen „Darf ich gleich mal gucken?“ und nicht mehrere Kisten auf einmal aufmachen. Wer wartet, bis der Tisch steht, bekommt meist die freundlicheren Preise.

## Für Verkäufer
Ein freundliches „Gleich, ich bau noch auf“ ist völlig in Ordnung. Wie der Aufbau zügig klappt, steht in der [Checkliste für Verkäufer](/ratgeber/checkliste-flohmarktstand/).","F: Wann komme ich früh, ohne zu stören?
A: Direkt zur offiziellen Öffnung. Mehr dazu unter [beste Uhrzeit](/ratgeber/beste-uhrzeit-flohmarkt/).

F: Warum sind morgens schon so viele Händler unterwegs?
A: Viele kaufen früh ein, um weiterzuverkaufen. Wie du sie erkennst, steht in [Privat oder Händler?](/ratgeber/haendler-erkennen-flohmarkt/).","flohmarkt-knigge, beste-uhrzeit-flohmarkt, checkliste-flohmarktstand, diebstahl-am-flohmarktstand",Nein,Nein
standnachbarn-flohmarkt,Ja,knigge,Flohmarkt Standnachbarn,Info,Gute Standnachbarschaft: Knigge für Flohmarkt-Verkäufer,"Platz einhalten, Wechselgeld tauschen, auf den Stand aufpassen: So wird der Markttag mit den Standnachbarn angenehm und für alle entspannter.","Gute Standnachbarschaft: Man kennt sich, man hilft sich","Bleib in deinen gebuchten Metern, stell nichts vor fremde Stände und sprich dich kurz mit den Nachbarn ab. Wer sich beim Wechselgeld aushilft und in der Pause auf den Stand aufpasst, hat den entspannteren Tag.","## Platz is Platz
Die gebuchten Meter gelten, auch für Kleiderstangen und Auto. Wer mehr Platz braucht, bucht mehr, siehe [Standgebühr](/ratgeber/standgebuehr-flohmarkt/).

## Kurz klönen lohnt sich
Ein Moin und ein kurzer Klönschnack beim Aufbau machen vieles leichter: Wechselgeld tauschen, Pausen abdecken, sich vor Taschendieben warnen. Mehr zur Kasse unter [Wechselgeld](/ratgeber/wechselgeld-flohmarkt/).

## Konkurrenz mit Anstand
Kunden nicht vom Nachbarstand wegrufen und die Ware anderer nicht schlechtmachen. Wie du trotzdem gut verkaufst, steht unter [Was verkauft sich gut?](/ratgeber/was-verkauft-sich-gut-flohmarkt/).","F: Darf ich am Stand Musik spielen?
A: Leise und nur, wenn die Marktordnung es erlaubt. Die Nachbarn stehen den ganzen Tag daneben.

F: Was tun, wenn jemand meinen Platz belegt?
A: Freundlich ansprechen. Hilft das nicht, die Marktaufsicht oder den Veranstalter holen.","flohmarkt-knigge, wechselgeld-flohmarkt, standgebuehr-flohmarkt, checkliste-flohmarktstand",Nein,Nein
mit-hund-auf-den-flohmarkt,Ja,knigge,Hund Flohmarkt,Info,Mit Hund auf den Flohmarkt: Was du beachten solltest,"Enge Gänge, Glas auf dem Boden, viele Menschen: Wann dein Hund auf dem Flohmarkt gut aufgehoben ist und wann er besser zu Hause bleibt.","Mit Hund auf den Flohmarkt: Geht klar, aber sinnig","Auf den meisten Flohmärkten sind Hunde an der Leine erlaubt. Für große, volle Märkte am Samstagvormittag eignet sich das aber nur für sehr gelassene Hunde. Kleine Nachbarschaftsmärkte sind deutlich entspannter.","## Was Veranstalter erlauben
Die Regeln stehen in der Marktordnung. Leinenpflicht gilt praktisch überall, manche Hallenmärkte lassen Hunde gar nicht rein.

## Worauf du achten solltest
Kurze Leine in engen Gängen, Abstand zu Ständen mit Glas und Porzellan, Wasser dabei. Heißer Asphalt auf Parkplätzen kann Pfoten verbrennen.

## Die bessere Zeit
Mittags oder kurz vor Schluss ist weniger los, siehe [beste Uhrzeit](/ratgeber/beste-uhrzeit-flohmarkt/). Kleinere Märkte findest du im [Kalender](/termine/) unter „Nachbarschaft“.","F: Wer zahlt, wenn mein Hund etwas umwirft?
A: Grundsätzlich haftet der Halter. Eine Hundehaftpflicht deckt solche Schäden meist ab.

F: Darf mein Hund mit an meinen Stand?
A: Frag beim Veranstalter. Ein Hund, der den ganzen Tag im Trubel liegt, ist oft zu Hause besser aufgehoben.","flohmarkt-knigge, beste-uhrzeit-flohmarkt, flohmarkt-mit-kindern, anfassen-flohmarkt",Nein,Nein
hamburger-flohmarkt-schnack,Ja,knigge,Hamburger Slang Wörter,Info/Lokal,Hamburger Flohmarkt-Schnack: Nordisch für Stöberer,"Moin, Plünnen, Tüddelkram und Schietwetter: Die nordischen Wörter, die du auf Hamburger Flohmärkten hörst, kurz erklärt und mit Beispielen vom Markt.","Hamburger Flohmarkt-Schnack: Plünnen, Tüddelkram und Co.","Auf Hamburger Flohmärkten hörst du viel Norddeutsch: Moin zur Begrüßung, Plünnen für alte Klamotten, Tüddelkram für Kleinkram und Schietwetter, wenn es mal wieder regnet. Mit ein paar Wörtern bist du schnell mittendrin.","## Begrüßen und klönen
Moin: Gruß für jede Tageszeit. Schnacken: reden. Klönschnack: gemütliches Gespräch am Stand. Dor nich för: gern geschehen.

## Rund um die Ware
Plünnen: alte Kleidung, auch allgemein Kram. Büx: Hose. Tüddelkram: Kleinkram und Krimskrams. Buddel: Flasche. Pütt un Pann: Töpfe und Pfannen. Worauf du bei alten Klamotten achtest, steht in [Vintage-Kleidung](/ratgeber/vintage-kleidung-flohmarkt/).

## Rund ums Handeln
Butter bei die Fische: Sag, was du zahlen willst. Nich lang schnacken: nicht lange drumherum reden. Wie das in der Praxis klappt, steht unter [Handeln auf dem Flohmarkt](/ratgeber/handeln-auf-dem-flohmarkt/).

## Rund ums Wetter
Schietwetter: nass, kalt, grau. Was das für den Markttag heißt, erklärt [Flohmarkt bei Regen](/ratgeber/flohmarkt-bei-regen/).","F: Was bedeutet Hummel Hummel?
A: Ein Hamburger Gruß, auf den man mit „Mors Mors“ antwortet. Er geht auf den Wasserträger Hummel zurück, eine bekannte Hamburger Stadtfigur.

F: Muss ich Platt können, um auf dem Flohmarkt zu handeln?
A: Nee. Hochdeutsch geht überall. Ein Moin kommt aber immer gut an. Die wichtigsten Märkte der Stadt findest du unter [Flohmärkte in Hamburg](/ratgeber/flohmaerkte-hamburg/).","flohmarkt-knigge, handeln-auf-dem-flohmarkt, flohmaerkte-hamburg, woher-kommt-das-wort-flohmarkt",Nein,Ja
flohmarktstand-anmelden,Ja,verkaufen,Flohmarktstand anmelden,Transaktional,Flohmarktstand anmelden: So bekommst du einen Platz,"Vorab buchen oder morgens vor Ort: So meldest du einen Flohmarktstand an, was du dabei angeben musst und wann du dich anmelden solltest.",Flohmarktstand anmelden: So bekommst du einen Platz,"Die meisten Märkte vergeben Plätze über die Website des Veranstalters, meist nach laufenden Metern. Bei beliebten Märkten solltest du einige Wochen vorher buchen, bei großen Samstagsmärkten gibt es oft auch Plätze vor Ort.","## Vorab buchen
Du gibst Standlänge, ob du mit dem Auto am Stand stehen willst, und ob du privat oder gewerblich verkaufst an. Den Veranstalter findest du bei jedem Markt im [Terminkalender](/termine/).

## Spontan vor Ort
Bei manchen großen Märkten werden freie Plätze früh am Morgen vergeben. Wer spät kommt, bekommt die schlechteren Plätze am Rand.

## Was es kostet
Die Standgebühr hängt von Markt und Länge ab, siehe [Was kostet ein Flohmarktstand?](/ratgeber/standgebuehr-flohmarkt/). Was du zum Aufbau brauchst, steht in der [Checkliste für Verkäufer](/ratgeber/checkliste-flohmarktstand/).","F: Muss ich als Privatperson etwas anmelden?
A: Beim Staat nicht, solange du privat gebrauchte Sachen verkaufst. Die Grenze erklärt [Privat oder gewerblich?](/ratgeber/gewerblich-oder-privat-flohmarkt/).

F: Kann ich mir einen Stand teilen?
A: Oft ja. Frag den Veranstalter, ob zwei Personen an einem Platz verkaufen dürfen.","standgebuehr-flohmarkt, checkliste-flohmarktstand, gewerblich-oder-privat-flohmarkt, was-verkauft-sich-gut-flohmarkt",Nein,Nein
standgebuehr-flohmarkt,Ja,verkaufen,Flohmarkt Standgebühr,Info,Was kostet ein Flohmarktstand? Standgebühren erklärt,"Laufender Meter, Auto am Stand, Tisch-Miete: Woraus sich die Standgebühr auf dem Flohmarkt zusammensetzt und wie du einschätzt, ob sich ein Stand lohnt.",Was kostet ein Flohmarktstand?,"Die Standgebühr richtet sich meist nach der Standlänge in Metern. Aufschläge gibt es oft für ein Auto am Stand, für gewerbliche Anbieter und für besonders gefragte Märkte. Die aktuellen Preise stehen beim Veranstalter.","## Woraus sich der Preis zusammensetzt
Grundlage ist fast immer der laufende Meter Standfläche. Dazu kommen je nach Markt Zuschläge für das Auto am Platz, Strom oder gemietete Tische. Gewerbliche Händler zahlen häufig mehr als Privatleute.

## Lohnt sich das?
Rechne die Gebühr gegen den Wert deiner Ware. Wer nur wenige Kisten hat, teilt sich besser einen Stand. Was sich gut verkauft, steht unter [Was verkauft sich gut?](/ratgeber/was-verkauft-sich-gut-flohmarkt/).

## Günstige Alternativen
Hofflohmärkte kosten oft wenig oder nichts, siehe [Hofflohmarkt organisieren](/ratgeber/hofflohmarkt-organisieren/).","F: Bekomme ich die Standgebühr zurück, wenn es regnet?
A: Das regeln die Bedingungen des Veranstalters. Oft wird bei schlechtem Wetter nicht erstattet. Mehr unter [Flohmarkt bei Regen](/ratgeber/flohmarkt-bei-regen/).

F: Muss ich die Standgebühr vorher bezahlen?
A: Bei Online-Buchung meist ja, bei Vergabe vor Ort in bar.","flohmarktstand-anmelden, was-verkauft-sich-gut-flohmarkt, flohmarkt-bei-regen, hofflohmarkt-organisieren",Nein,Ja
was-verkauft-sich-gut-flohmarkt,Ja,verkaufen,was verkauft sich gut auf dem Flohmarkt,Info,Was verkauft sich gut auf dem Flohmarkt? Die Bestseller,"Kinderkleidung, Spielzeug, Bücher, Küchenkram und Vintage: Diese Dinge verkaufen sich auf dem Flohmarkt am besten, und was du besser zu Hause lässt.",Was verkauft sich gut auf dem Flohmarkt?,"Gut laufen Kinderkleidung und Spielzeug, Bücher, Küchenutensilien, Werkzeug, Deko und Vintage-Kleidung. Schwer verkaufen sich große Möbel ohne Auto des Käufers, veraltete Technik und stark getragene Kleidung.","## Die Dauerbrenner
Alles, was man sofort mitnehmen kann und was nicht kaputt gehen kann: Bücher, Geschirr, Spiele, Werkzeug, Kinderkram. Sauberkeit verkauft mit. Ein kurz gereinigtes Teil bringt oft das Doppelte.

## Was schwierig ist
Röhrenfernseher, Druckerpatronen und kaputte Geräte ohne Hinweis. Was du gar nicht verkaufen darfst, steht in [Verbotene Waren](/ratgeber/verbotene-waren-flohmarkt/).

## Präsentation
Nach Themen sortieren, Kleidung aufhängen, Preise sichtbar machen. Wie du Preise festlegst, erklärt [Preise festlegen](/ratgeber/preise-festlegen-flohmarkt/).","F: Verkaufen sich Bücher auf dem Flohmarkt?
A: Ja, vor allem Kinderbücher, Kochbücher und Romane zum kleinen Einheitspreis.

F: Lohnt sich Kleidung?
A: Gute Markenkleidung und Vintage ja. Normale getragene Kleidung am besten günstig im Bündel.","preise-festlegen-flohmarkt, checkliste-flohmarktstand, verbotene-waren-flohmarkt, reste-nach-dem-flohmarkt",Nein,Nein
preise-festlegen-flohmarkt,Ja,verkaufen,Flohmarkt Preise festlegen,Info,Flohmarkt-Preise festlegen: So viel kannst du verlangen,"Faustregeln für Flohmarktpreise, Preisschilder oder nicht, Verhandlungsspielraum einplanen: So setzt du Preise, die verkaufen und trotzdem lohnen.",Preise auf dem Flohmarkt festlegen,"Als Faustregel erzielen gut erhaltene Alltagsgegenstände auf dem Flohmarkt oft nur einen kleinen Teil des Neupreises. Plane Verhandlungsspielraum ein und zeichne die Preise sichtbar aus, dann trauen sich mehr Leute zu fragen.","## Recherche vorab
Schau bei teureren Stücken nach, was sie gebraucht online tatsächlich kosten. Verkaufte Angebote sind aussagekräftiger als Wunschpreise.

## Preise sichtbar machen
Klebepunkte oder Kisten mit Einheitspreis sparen Diskussionen. Wer mit Verhandlung rechnet, setzt den Startpreis etwas höher, siehe [Handeln](/ratgeber/handeln-auf-dem-flohmarkt/).

## Gegen Ende senken
In der letzten Stunde lohnt sich ein Pauschalangebot, damit du weniger zurücktragen musst. Was mit dem Rest passiert, steht in [Nach dem Flohmarkt](/ratgeber/reste-nach-dem-flohmarkt/).","F: Was bedeutet VB?
A: Verhandlungsbasis. Der Preis ist ein Vorschlag, über den man reden kann. Weitere Begriffe in [Flohmarkt-Begriffe](/ratgeber/flohmarkt-begriffe/).

F: Muss ich Preise auszeichnen?
A: Als Privatperson nicht. Händler unterliegen der Preisangabenverordnung.","handeln-auf-dem-flohmarkt, was-verkauft-sich-gut-flohmarkt, wechselgeld-flohmarkt, reste-nach-dem-flohmarkt",Nein,Nein
checkliste-flohmarktstand,Ja,verkaufen,Flohmarkt Checkliste Verkäufer,Info,"Checkliste Flohmarktstand: Alles, was Verkäufer brauchen","Tisch, Decke, Kleiderstange, Wechselgeld, Regenschutz: Die komplette Checkliste für deinen Flohmarktstand, vom Aufbau bis zum Abbau.",Checkliste für deinen Flohmarktstand,"Du brauchst Tisch oder Decke, eine Kleiderstange für Kleidung, Wechselgeld, Tüten, eine Plane gegen Regen, Klebeband und Preisschilder. Dazu Essen, Trinken und einen Stuhl, denn ein Markttag ist lang.","## Aufbau
Klapptisch oder Tapeziertisch, Decke für den Boden, Kleiderstange, Kisten zum Sortieren, Klebeband, Stift und Preisschilder.

## Kasse
Wechselgeld in Münzen und kleinen Scheinen, eine Bauchtasche statt offener Kasse. Details in [Wie viel Wechselgeld?](/ratgeber/wechselgeld-flohmarkt/) und [Diebstahl am Stand](/ratgeber/diebstahl-am-flohmarktstand/).

## Wetter und Pausen
Plane, Wäscheklammern, warme Kleidung und eine zweite Person für Pausen. Mehr in [Flohmarkt bei Regen](/ratgeber/flohmarkt-bei-regen/).","F: Wie früh muss ich zum Aufbau da sein?
A: Das legt der Veranstalter fest. Bei großen Märkten beginnt der Aufbau oft ein bis zwei Stunden vor Öffnung.

F: Darf ich mein Auto am Stand parken?
A: Nur wenn du einen Platz mit Auto gebucht hast. Siehe [Stand anmelden](/ratgeber/flohmarktstand-anmelden/).","wechselgeld-flohmarkt, flohmarktstand-anmelden, diebstahl-am-flohmarktstand, flohmarkt-bei-regen",Nein,Nein
wechselgeld-flohmarkt,Ja,verkaufen,Wechselgeld Flohmarkt wie viel,Info,Wie viel Wechselgeld brauche ich auf dem Flohmarkt?,"Münzen, Fünfer, Zehner: So viel Wechselgeld solltest du zum Flohmarkt mitnehmen, wie du es aufteilst und wie PayPal die Kasse entlastet.",Wie viel Wechselgeld brauche ich auf dem Flohmarkt?,"Für einen privaten Stand reichen meist 50 bis 100 Euro Wechselgeld: ein Drittel in Münzen, der Rest in 5- und 10-Euro-Scheinen. Morgens zahlen viele mit großen Scheinen, deshalb brauchst du genau dann das meiste Kleingeld.","## Die Aufteilung
Viele Ein- und Zwei-Euro-Stücke, einige 50-Cent-Münzen und mehrere Fünfer und Zehner. Runde Preise reduzieren den Bedarf an Kleingeld.

## Wo du Wechselgeld bekommst
Manche Banken tauschen nur für Kunden oder gegen Gebühr. Frag rechtzeitig, nicht am Freitagabend.

## Digitale Zahlung als Entlastung
Ein ausgedruckter PayPal-QR-Code am Stand hilft, wenn das Kleingeld ausgeht. Mehr in [Bezahlen auf dem Flohmarkt](/ratgeber/bezahlen-auf-dem-flohmarkt/).","F: Wo bewahre ich das Geld am besten auf?
A: Am Körper, zum Beispiel in einer Bauchtasche. Eine offene Kasse auf dem Tisch lädt zum Zugreifen ein, siehe [Diebstahl am Stand](/ratgeber/diebstahl-am-flohmarktstand/).

F: Was mache ich mit Falschgeld?
A: Größere Scheine kurz prüfen: Wasserzeichen, Hologramm, fühlbarer Druck. Bei Verdacht nicht annehmen.","bezahlen-auf-dem-flohmarkt, checkliste-flohmarktstand, diebstahl-am-flohmarktstand, preise-festlegen-flohmarkt",Nein,Nein
reste-nach-dem-flohmarkt,Ja,verkaufen,Flohmarkt Reste spenden,Info,Nach dem Flohmarkt: Wohin mit den Resten?,"Spenden, verschenken, online verkaufen oder entsorgen: Was du mit übrig gebliebener Ware nach dem Flohmarkt machen kannst, auch in Hamburg.",Nach dem Flohmarkt: Wohin mit den Resten?,"Gut erhaltene Reste kannst du an Sozialkaufhäuser, Kleiderkammern oder gemeinnützige Second-Hand-Läden geben. Kaputtes gehört auf den Recyclinghof, nicht an den Straßenrand.","## Spenden
Viele Sozialkaufhäuser und Kleiderkammern nehmen saubere, heile Sachen an. Frag vorher, was gerade gebraucht wird. Das spart beiden Seiten Arbeit.

## Weiterverkaufen
Teurere Einzelstücke lassen sich online oft besser verkaufen. Achtung: Für Online-Plattformen gelten Meldepflichten, siehe [Steuern auf Flohmarkteinnahmen](/ratgeber/steuern-flohmarkt/).

## Nicht an den Straßenrand
Abgestellte Kisten gelten schnell als illegal entsorgter Müll. In Hamburg nehmen die Recyclinghöfe der Stadtreinigung Sperriges an. Mehr zum Thema Wiederverwenden in [Second Hand und Nachhaltigkeit](/ratgeber/second-hand-nachhaltig/).","F: Darf ich Reste auf dem Marktgelände lassen?
A: Nein. Fast alle Veranstalter verlangen, dass du alles wieder mitnimmst.

F: Lohnt sich ein zweiter Flohmarkt?
A: Oft ja. Auf einem anderen Markt ist das Publikum ein anderes. Termine im [Kalender](/termine/).","second-hand-nachhaltig, was-verkauft-sich-gut-flohmarkt, preise-festlegen-flohmarkt, steuern-flohmarkt",Nein,Nein
kinderflohmarkt-verkaufen,Ja,verkaufen,Kinderflohmarkt verkaufen Tipps,Info,Auf dem Kinderflohmarkt verkaufen: Tipps für Eltern,"Nach Größen sortieren, Sets bilden, fair bepreisen: So verkaufst du Kinderkleidung und Spielzeug auf dem Kinderflohmarkt schnell und unkompliziert.",Auf dem Kinderflohmarkt verkaufen: Tipps für Eltern,"Sortiere Kleidung nach Größen, bilde Sets für Babysachen und prüfe Spielzeug auf Vollständigkeit. Eltern wollen schnell finden, was passt, deshalb verkauft ein gut sortierter Stand deutlich mehr.","## Nach Größen sortieren
Kisten oder Schilder mit 56–62, 68–74 und so weiter. Eltern suchen gezielt nach der nächsten Größe.

## Spielzeug vollständig anbieten
Puzzles und Spiele mit Vermerk „vollständig“ verkaufen sich besser. Beim Spielzeug auf Kleinteile und Sicherheit achten.

## Kinder mitmachen lassen
Ein eigener kleiner Tisch für die Kinder macht Spaß und bringt ihnen Rechnen bei. Mehr in [Flohmarkt mit Kindern](/ratgeber/flohmarkt-mit-kindern/). Wer selbst einen organisieren will, liest [Kita-Flohmarkt organisieren](/ratgeber/kita-flohmarkt-organisieren/).","F: Was kostet Kinderkleidung auf dem Flohmarkt?
A: Meist wenige Euro pro Teil, Sets und Markenware mehr. Siehe [Preise festlegen](/ratgeber/preise-festlegen-flohmarkt/).

F: Darf ich Kindersitze verkaufen?
A: Rechtlich ja, aber Käufer können Unfallschäden nicht erkennen. Viele Märkte raten davon ab.","flohmarkt-mit-kindern, kita-flohmarkt-organisieren, preise-festlegen-flohmarkt, was-verkauft-sich-gut-flohmarkt",Nein,Nein
diebstahl-am-flohmarktstand,Ja,verkaufen,Diebstahl Flohmarkt Stand,Info,Diebstahl am Flohmarktstand verhindern: So schützt du dich,"Bauchtasche statt Kasse, Wertvolles nach hinten, zu zweit verkaufen: So schützt du deinen Flohmarktstand vor Taschendieben und Ablenkungstricks.",Diebstahl am Flohmarktstand verhindern,"Trag das Geld am Körper, leg wertvolle Stücke nach hinten oder in eine Vitrine und verkaufe möglichst zu zweit. Die häufigste Masche ist Ablenkung: eine Person fragt, eine andere greift zu.","## Geld am Körper
Eine Bauchtasche oder Umhängetasche ist sicherer als jede Kasse. Mehr zum Umgang mit Geld in [Wechselgeld](/ratgeber/wechselgeld-flohmarkt/).

## Wertvolles sichern
Schmuck, Uhren und Elektronik nicht an die Tischkante legen. Kleine, teure Dinge nur auf Nachfrage zeigen.

## Ablenkung erkennen
Wenn mehrere Leute gleichzeitig Fragen stellen, kurz innehalten und die Ware im Blick behalten. Die [Checkliste für Verkäufer](/ratgeber/checkliste-flohmarktstand/) empfiehlt nicht ohne Grund eine zweite Person.","F: Was tun bei Diebstahl?
A: Veranstalter informieren und bei der Polizei Anzeige erstatten. Auf großen Märkten gibt es oft eine Marktaufsicht.

F: Bin ich als Verkäufer versichert?
A: Das hängt von deiner Hausratversicherung ab. Frag bei deinem Versicherer nach.","wechselgeld-flohmarkt, checkliste-flohmarktstand, bezahlen-auf-dem-flohmarkt, verbotene-waren-flohmarkt",Nein,Nein
flohmarkt-bei-regen,Ja,verkaufen,Flohmarkt bei Regen,Info,Flohmarkt bei Regen: Findet er statt und lohnt es sich?,"Fällt der Flohmarkt bei Regen aus? Was mit der Standgebühr passiert, wie du Ware schützt und warum Regentage für Käufer interessant sein können.",Flohmarkt bei Regen: Findet er statt?,"Die meisten Flohmärkte finden auch bei Regen statt und fallen nur bei Unwetter aus. Die Entscheidung trifft der Veranstalter, der meist auf seiner Website oder in sozialen Medien informiert.","## Für Verkäufer
Plane über dem Tisch, Folie für Kisten, Kleidung in Tüten. Ob die [Standgebühr](/ratgeber/standgebuehr-flohmarkt/) erstattet wird, regeln die Bedingungen des Veranstalters.

## Für Käufer
Weniger Besucher heißt weniger Konkurrenz und mehr Spielraum beim [Handeln](/ratgeber/handeln-auf-dem-flohmarkt/). Überdachte Alternativen sind Hallen- und Parkhausflohmärkte, etwa der [Hallenflohmarkt in Bergedorf](/flohmarkt/hallenflohmarkt-haw-bergedorf/) oder der [Parkhausflohmarkt in Winterhude](/flohmarkt/flohmarkt-rewe-winterhude/).

## Absagen erfahren
Flohlotse zeigt Ausfälle im [Kalender](/termine/) an, sobald der Veranstalter sie meldet.","F: Wird die Standgebühr bei Regen erstattet?
A: Meist nur, wenn der Veranstalter den Markt absagt. Bei normalem Regen in der Regel nicht.

F: Gibt es überdachte Flohmärkte in Hamburg?
A: Ja, zum Beispiel in Parkhäusern und Hallen. Im [Kalender](/termine/) kannst du nach „Überdacht“ filtern.","standgebuehr-flohmarkt, checkliste-flohmarktstand, was-mitnehmen-flohmarkt, nachtflohmarkt",Nein,Nein
steuern-flohmarkt,Ja,recht,Flohmarkt Einnahmen versteuern,Info,Flohmarkt und Steuern 2026: Muss ich Einnahmen versteuern?,"Private Flohmarktverkäufe sind meist steuerfrei. Wann das Finanzamt doch mitredet, was die 1.000-Euro-Freigrenze bedeutet und ab wann es gewerblich wird.",Muss ich Flohmarkteinnahmen versteuern?,"Nein, in der Regel nicht. Wer gebrauchte Alltagsgegenstände aus dem eigenen Haushalt verkauft, macht keinen steuerpflichtigen Gewinn. Steuern können anfallen, wenn du regelmäßig Ware ankaufst, um sie weiterzuverkaufen, oder wertvolle Stücke innerhalb eines Jahres mit Gewinn verkaufst.","## Gegenstände des täglichen Gebrauchs
Kleidung, Möbel, Bücher oder Spielzeug verlieren durch Nutzung an Wert. Ihr Verkauf gilt nicht als privates Veräußerungsgeschäft im Sinne des Einkommensteuergesetzes.

## Wertvolle Einzelstücke
Bei Sammlerstücken, Schmuck oder Kunst kann ein Gewinn steuerpflichtig sein, wenn zwischen Kauf und Verkauf weniger als ein Jahr liegt. Seit 2024 gilt dafür eine Freigrenze von 1.000 Euro Gewinn pro Jahr. Liegt der Gesamtgewinn darunter, bleibt er steuerfrei.

## Wann es gewerblich wird
Wer regelmäßig einkauft, um mit Gewinn zu verkaufen, handelt gewerblich. Dann gelten Gewerbeanmeldung und Steuerpflicht, siehe [Privat oder gewerblich?](/ratgeber/gewerblich-oder-privat-flohmarkt/).

## Und Online-Plattformen?
Seit 2023 melden Online-Marktplätze Verkäufer an das Finanzamt, die im Jahr 30 oder mehr Verkäufe oder mehr als 2.000 Euro Umsatz haben. Das gilt für Plattformen, nicht für den Stand auf dem Flohmarkt. Eine Meldung bedeutet außerdem nicht automatisch Steuerpflicht.","F: Muss ich Flohmarkteinnahmen in der Steuererklärung angeben?
A: Beim Verkauf eigener, gebrauchter Alltagsgegenstände nicht. Bei Gewinnen aus wertvollen Stücken innerhalb eines Jahres nur, wenn die Freigrenze überschritten wird.

F: Wie viel darf ich auf dem Flohmarkt verdienen?
A: Es gibt keine feste Obergrenze für private Verkäufe. Entscheidend ist, ob du Gebrauchtes aus dem eigenen Haushalt verkaufst oder Handel betreibst.","gewerblich-oder-privat-flohmarkt, haendler-erkennen-flohmarkt, reste-nach-dem-flohmarkt, verbotene-waren-flohmarkt",Ja,Ja
gewerblich-oder-privat-flohmarkt,Ja,recht,Flohmarkt Gewerbe anmelden ab wann,Info,Flohmarkt: Ab wann muss ich ein Gewerbe anmelden?,"Privat oder schon Händler? Die Kriterien für gewerblichen Verkauf auf dem Flohmarkt, was eine Gewerbeanmeldung bedeutet und was für Kleinunternehmer gilt.",Ab wann muss ich für den Flohmarkt ein Gewerbe anmelden?,"Ein Gewerbe brauchst du, wenn du nachhaltig und mit Gewinnabsicht verkaufst, also regelmäßig Ware einkaufst oder herstellst, um sie weiterzuverkaufen. Wer gelegentlich den eigenen Haushalt ausmistet, bleibt privat.","## Die Kriterien
Entscheidend sind Regelmäßigkeit, Gewinnabsicht und Auftreten am Markt. Typische Hinweise: Ankauf zum Weiterverkauf, Neuware in Stückzahlen, fast jedes Wochenende ein Stand. Eine feste Zahl an Markttagen gibt es nicht, es kommt auf das Gesamtbild an.

## Was dann gilt
Die Gewerbeanmeldung erfolgt beim zuständigen Bezirksamt. Dazu kommen Einkommensteuer und gegebenenfalls Umsatzsteuer. Als Kleinunternehmer musst du keine Umsatzsteuer ausweisen, solange dein Umsatz im Vorjahr höchstens 25.000 Euro betrug und im laufenden Jahr 100.000 Euro nicht übersteigt.

## Selbstgemachtes
Wer regelmäßig Selbstgemachtes verkauft, ist in der Regel ebenfalls gewerblich tätig, auch wenn es als Hobby beginnt. Steuerliche Details stehen in [Flohmarkt und Steuern](/ratgeber/steuern-flohmarkt/).","F: Wie oft darf ich privat auf dem Flohmarkt verkaufen?
A: Es gibt keine feste Zahl. Wer nur eigene gebrauchte Sachen verkauft, bleibt auch bei mehreren Märkten im Jahr privat.

F: Muss ich als Händler etwas am Stand kennzeichnen?
A: Gewerbliche Anbieter müssen Name und Anschrift angeben und Preise nach der Preisangabenverordnung auszeichnen. Mehr in [Privat oder Händler?](/ratgeber/haendler-erkennen-flohmarkt/).","steuern-flohmarkt, haendler-erkennen-flohmarkt, flohmarktstand-anmelden, gekauft-wie-gesehen",Ja,Nein
verbotene-waren-flohmarkt,Ja,recht,was darf man auf dem Flohmarkt nicht verkaufen,Info,Was darf man auf dem Flohmarkt nicht verkaufen?,"Waffen, Fälschungen, Tiere, NS-Devotionalien, Hehlerware: Diese Waren sind auf dem Flohmarkt verboten oder eingeschränkt, und warum.",Was darf man auf dem Flohmarkt nicht verkaufen?,"Verboten sind unter anderem Fälschungen, gestohlene Ware, verbotene Waffen, lebende Tiere, Medikamente sowie Gegenstände mit verfassungswidrigen Kennzeichen. Viele Veranstalter verbieten zusätzlich Lebensmittel und Neuware.","## Gesetzlich verboten
Markenfälschungen, Hehlerware, verbotene Waffen und Medikamente. Gegenstände mit verfassungswidrigen Kennzeichen, etwa NS-Symbole, dürfen nicht öffentlich angeboten werden, auch nicht als Antiquität. Wie du Fälschungen erkennst, steht in [Fälschungen erkennen](/ratgeber/faelschungen-erkennen-flohmarkt/).

## Eingeschränkt
Messer und Blankwaffen unterliegen dem Waffengesetz, manche sind frei verkäuflich, andere nicht. Selbst gekochtes Essen braucht Hygieneregeln. Jugendgefährdende Medien dürfen nicht an Minderjährige verkauft werden.

## Die Marktordnung
Jeder Veranstalter hat eigene Regeln, etwa kein Neuwarenverkauf auf Privatmärkten. Die Marktordnung steht meist bei der Anmeldung, siehe [Stand anmelden](/ratgeber/flohmarktstand-anmelden/).","F: Darf ich Messer auf dem Flohmarkt verkaufen?
A: Einfache Küchen- und Taschenmesser meist ja. Bestimmte Messerarten sind verboten. Im Zweifel beim Veranstalter nachfragen.

F: Darf ich Alkohol oder Tabak verkaufen?
A: Auf den meisten Flohmärkten nicht. Dafür gelten Jugendschutz und oft Genehmigungspflichten.","faelschungen-erkennen-flohmarkt, antiquitaeten-erkennen-flohmarkt, flohmarktstand-anmelden, gewerblich-oder-privat-flohmarkt",Ja,Ja
rueckgabe-gewaehrleistung-flohmarkt,Ja,recht,Flohmarkt Rückgabe Gewährleistung,Info,Rückgabe auf dem Flohmarkt: Deine Rechte als Käufer,"Kein Widerrufsrecht, oft keine Gewährleistung: Welche Rechte du bei Flohmarktkäufen von Privatleuten und Händlern hast und wann Rückgabe geht.",Rückgabe und Gewährleistung beim Flohmarktkauf,"Ein Widerrufsrecht gibt es auf dem Flohmarkt nicht. Private Verkäufer können die Gewährleistung ausschließen, oft mündlich mit „gekauft wie gesehen“. Nur wenn ein Mangel bewusst verschwiegen wurde, hast du Ansprüche. Bei Händlern gelten strengere Regeln.","## Kauf bei Privatleuten
Wer privat verkauft, darf die Haftung für Mängel ausschließen. Das gilt nicht, wenn er einen Mangel kennt und verschweigt. Das Gegenstück aus Verkäufersicht erklärt [Gekauft wie gesehen](/ratgeber/gekauft-wie-gesehen/).

## Kauf bei Händlern
Verkaufen Händler an Verbraucher, gilt grundsätzlich eine Gewährleistung von zwei Jahren. Bei gebrauchter Ware dürfen sie das auf ein Jahr verkürzen, müssen das aber ausdrücklich und gesondert mit dir vereinbaren. Ein kleingedruckter Hinweis reicht nicht. Wie du Händler erkennst, steht in [Privat oder Händler?](/ratgeber/haendler-erkennen-flohmarkt/).

## Praktisch vorbeugen
Vor dem Kauf prüfen, bei Technik testen, bei teuren Stücken Namen und Telefonnummer notieren. Tipps für Geräte in [Elektrogeräte vom Flohmarkt](/ratgeber/elektrogeraete-flohmarkt/).","F: Kann ich auf dem Flohmarkt Gekauftes umtauschen?
A: Nur wenn der Verkäufer zustimmt oder ein verschwiegener Mangel vorliegt.

F: Gilt das 14-tägige Widerrufsrecht?
A: Nein. Es gilt für Online-Käufe und Haustürgeschäfte bei Unternehmern, nicht für Käufe auf dem Markt.","gekauft-wie-gesehen, haendler-erkennen-flohmarkt, elektrogeraete-flohmarkt, faelschungen-erkennen-flohmarkt",Ja,Nein
gekauft-wie-gesehen,Ja,recht,gekauft wie gesehen Flohmarkt,Info,„Gekauft wie gesehen“: Was der Satz rechtlich bedeutet,"Was „gekauft wie gesehen“ auf dem Flohmarkt bedeutet, wann der Gewährleistungsausschluss für Privatverkäufer gilt und wo seine Grenzen liegen.",„Gekauft wie gesehen“: Was bedeutet das auf dem Flohmarkt?,"Mit „gekauft wie gesehen“ schließen private Verkäufer die Haftung für Mängel aus, die beim Kauf erkennbar waren. Verschwiegene Mängel, die der Verkäufer kannte, sind davon nicht gedeckt.","## Was der Satz abdeckt
Alles, was der Käufer bei einer normalen Besichtigung sehen konnte: Kratzer, Flecken, fehlende Teile. Sicherer ist ein ausdrücklicher Hinweis „ohne Gewährleistung“ auf einem Schild am Stand.

## Die Grenze: Arglist
Wer einen versteckten Defekt kennt und ihn verschweigt, haftet trotzdem. Defekte Geräte daher klar als defekt kennzeichnen. Die Käufersicht steht in [Rückgabe und Gewährleistung](/ratgeber/rueckgabe-gewaehrleistung-flohmarkt/).

## Nur für Privatleute
Händler können die Gewährleistung gegenüber Verbrauchern nicht einfach ausschließen. Die Abgrenzung erklärt [Privat oder gewerblich?](/ratgeber/gewerblich-oder-privat-flohmarkt/).","F: Reicht ein Schild „Keine Rücknahme“?
A: Für private Verkäufer meist ja, solange keine Mängel verschwiegen werden.

F: Muss ich defekte Ware kennzeichnen?
A: Du musst bekannte Mängel nicht ungefragt aufzählen, darfst sie aber nicht verschweigen oder abstreiten, wenn es darauf ankommt. Eine Kennzeichnung schützt dich.","rueckgabe-gewaehrleistung-flohmarkt, gewerblich-oder-privat-flohmarkt, elektrogeraete-flohmarkt, checkliste-flohmarktstand",Ja,Nein
hofflohmarkt-organisieren,Ja,organisieren,Hofflohmarkt organisieren,Info,Hofflohmarkt organisieren: Anleitung für Nachbarschaften,"Termin finden, Nachbarn gewinnen, Karte erstellen, Werbung machen: So organisierst du einen Hofflohmarkt in deiner Nachbarschaft Schritt für Schritt.",Hofflohmarkt organisieren: So geht es,"Such dir einen Termin mit genug Vorlauf, sammel teilnehmende Höfe, erstelle eine Karte mit allen Adressen und mach im Viertel und online Werbung. Wer auf dem eigenen Grundstück verkauft, braucht dafür meist keine Genehmigung.","## Schritt 1: Termin und Mitstreiter
Ein Samstag im Frühling oder Spätsommer funktioniert gut. Aushänge im Treppenhaus und Nachbarschaftsgruppen bringen die ersten Höfe. Plattformen für Hofflohmärkte setzen oft einen Anmeldeschluss einige Wochen vor dem Termin.

## Schritt 2: Karte und Werbung
Eine Karte mit allen Höfen ist das Herzstück. Einen eigenen Hofflohmarkt kannst du bei Flohlotse [kostenlos eintragen](/#veranstalter).

## Schritt 3: Rechtliches klären
Auf privatem Grund meist unproblematisch, im Mietshaus mit Vermieter oder Hausverwaltung absprechen. Stände auf Gehweg oder Straße brauchen eine Genehmigung, siehe [Genehmigungen in Hamburg](/ratgeber/flohmarkt-organisieren-genehmigung/).","F: Kostet ein Hofflohmarkt Gebühren?
A: Auf dem eigenen Hof nicht. Organisierte Hofflohmarkt-Plattformen nehmen teils eine kleine Teilnahmegebühr.

F: Darf ich auf dem Gehweg vor dem Haus verkaufen?
A: Nicht ohne Erlaubnis. Der Gehweg ist öffentlicher Grund.","flohmarkt-organisieren-genehmigung, kita-flohmarkt-organisieren, standgebuehr-flohmarkt, checkliste-flohmarktstand",Nein,Nein
flohmarkt-organisieren-genehmigung,Ja,organisieren,Flohmarkt organisieren Genehmigung Hamburg,Info/Lokal,Flohmarkt organisieren in Hamburg: Genehmigungen,"Sondernutzung, Festsetzung, Vermieter: Welche Genehmigungen du in Hamburg für einen Straßen-, Platz- oder Hofflohmarkt brauchst und wo du sie beantragst.",Flohmarkt organisieren in Hamburg: Genehmigungen,Auf öffentlichen Straßen und Plätzen brauchst du in Hamburg eine Erlaubnis des zuständigen Bezirksamts. Regelmäßige oder gewerbliche Märkte lassen sich zusätzlich nach der Gewerbeordnung festsetzen. Auf privatem Grund reicht meist die Zustimmung des Eigentümers.,"## Öffentlicher Grund
Straße, Gehweg oder Platz sind öffentlicher Raum. Für die Nutzung brauchst du eine Sondernutzungserlaubnis beim Bezirksamt. Plane mehrere Wochen Vorlauf ein, bei Straßensperrungen mehr.

## Festsetzung nach Gewerbeordnung
Veranstalter regelmäßiger Märkte beantragen oft eine Festsetzung als Spezialmarkt. Damit gelten klare Regeln zu Zeiten und Ort. Zuständig ist ebenfalls das Bezirksamt.

## Privater Grund
Schulhof, Kirchengemeinde oder Parkplatz eines Supermarkts: Hier entscheidet der Eigentümer. Lärm, Parken und Müll solltest du trotzdem mitdenken. Für kleinere Formate siehe [Hofflohmarkt](/ratgeber/hofflohmarkt-organisieren/) und [Kita-Flohmarkt](/ratgeber/kita-flohmarkt-organisieren/).","F: Wie lange dauert eine Genehmigung in Hamburg?
A: Das hängt vom Bezirk und der Größe ab. Rechne mit mehreren Wochen und stelle den Antrag früh.

F: Brauche ich eine Versicherung als Veranstalter?
A: Eine Veranstalterhaftpflicht ist dringend zu empfehlen und wird oft verlangt.","hofflohmarkt-organisieren, kita-flohmarkt-organisieren, gewerblich-oder-privat-flohmarkt, flohmaerkte-hamburg",Ja,Nein
kita-flohmarkt-organisieren,Ja,organisieren,Kita Flohmarkt organisieren,Info,Kita-Flohmarkt organisieren: Checkliste für Eltern,"Termin, Tischvergabe, Standgebühr für die Klassenkasse, Kuchenstand: So organisierst du einen Kita- oder Schulflohmarkt ohne Chaos.",Kita- oder Schulflohmarkt organisieren,"Kläre Termin und Raum mit der Leitung, vergib Tische per Anmeldeliste, nimm eine kleine Gebühr für die Kita- oder Klassenkasse und plane einen Kuchenstand. Ein fester Aufbau- und Abbauplan verhindert Chaos.","## Vorbereitung
Mindestens sechs Wochen vorher mit der Leitung abstimmen. Anmeldeliste mit fester Tischzahl, Aushänge und Nachricht in der Elterngruppe.

## Am Tag selbst
Tischnummern vorab vergeben, Wechselgeld für die Kasse, Müllsäcke und ein Team für den Abbau. Die [Checkliste für Verkäufer](/ratgeber/checkliste-flohmarktstand/) hilft den Teilnehmenden.

## Nach dem Markt
Übrige Kleidung sammeln und spenden, siehe [Nach dem Flohmarkt](/ratgeber/reste-nach-dem-flohmarkt/). Tipps für die Verkaufenden stehen in [Auf dem Kinderflohmarkt verkaufen](/ratgeber/kinderflohmarkt-verkaufen/).","F: Braucht ein Kitaflohmarkt eine Genehmigung?
A: In den eigenen Räumen oder auf dem Gelände meist nicht, der Träger muss zustimmen. Auf öffentlichem Grund ja, siehe [Genehmigungen](/ratgeber/flohmarkt-organisieren-genehmigung/).

F: Dürfen wir Kuchen verkaufen?
A: Bei kleinen gemeinnützigen Festen ist das üblich. Achte auf Allergenhinweise und Hygiene.","kinderflohmarkt-verkaufen, flohmarkt-organisieren-genehmigung, hofflohmarkt-organisieren, reste-nach-dem-flohmarkt",Nein,Nein
flohmarkt-troedelmarkt-antikmarkt,Ja,grundwissen,Unterschied Flohmarkt Trödelmarkt,Info,"Flohmarkt, Trödelmarkt, Antikmarkt: Was ist der Unterschied?","Flohmarkt oder Trödelmarkt? Antikmarkt oder Sammlerbörse? Was die Begriffe bedeuten, wer dort verkauft und welcher Markt zu dir passt.","Flohmarkt, Trödelmarkt, Antikmarkt: die Unterschiede","Flohmarkt und Trödelmarkt meinen im Alltag fast dasselbe: gebrauchte Waren, oft von Privatleuten. Auf Antikmärkten verkaufen überwiegend Händler ältere, wertvollere Stücke. Sammlerbörsen konzentrieren sich auf ein Thema wie Platten oder Münzen.","## Flohmarkt und Trödelmarkt
Regional wird das eine oder andere Wort bevorzugt. Manche Veranstalter nutzen „Trödelmarkt“ für Märkte mit mehr Händlern. Wie du Händler erkennst, steht in [Privat oder Händler?](/ratgeber/haendler-erkennen-flohmarkt/).

## Antikmarkt
Höhere Preise, dafür mehr Fachwissen am Stand. Tipps zum Erkennen alter Stücke in [Antiquitäten erkennen](/ratgeber/antiquitaeten-erkennen-flohmarkt/).

## Sonderformen
Nachtflohmarkt, Kinderflohmarkt, Hofflohmarkt und Mädelsflohmarkt. Mehr zu Abendmärkten in [Nachtflohmarkt](/ratgeber/nachtflohmarkt/), weitere Begriffe in [Flohmarkt-Begriffe](/ratgeber/flohmarkt-begriffe/).","F: Ist ein Trödelmarkt günstiger als ein Antikmarkt?
A: Meist ja, weil mehr Privatleute verkaufen und die Ware alltäglicher ist.

F: Was ist ein Mädelsflohmarkt?
A: Ein Markt, auf dem vor allem Frauen Kleidung, Schuhe und Accessoires verkaufen. Oft mit Umkleide.","flohmarkt-begriffe, antiquitaeten-erkennen-flohmarkt, haendler-erkennen-flohmarkt, woher-kommt-das-wort-flohmarkt",Nein,Nein
woher-kommt-das-wort-flohmarkt,Ja,grundwissen,Warum heißt es Flohmarkt,Info,Warum heißt es Flohmarkt? Herkunft des Wortes,"Flöhe in alten Kleidern oder ein Missverständnis? Die bekanntesten Erklärungen, woher das Wort Flohmarkt kommt, und was davon belegt ist.",Warum heißt es Flohmarkt?,"Die verbreitetste Erklärung führt das Wort auf Paris zurück, wo ab dem 19. Jahrhundert Märkte für gebrauchte Kleidung „marché aux puces“ hießen, also Markt der Flöhe. Gemeint waren die Flöhe in alter Kleidung. Ganz sicher belegt ist die Herkunft nicht.","## Die Pariser Erklärung
Vor den Toren von Paris verkauften Händler alte Kleider und Möbel. Der Name spielte auf die ungebetenen Mitbewohner in der Ware an. Aus dem Französischen verbreitete sich die Bezeichnung in andere Sprachen.

## Andere Theorien
Eine weitere Theorie verweist auf einen Markt im alten New York, dessen niederländischer Ortsname ähnlich klang. Belege dafür sind dünn.

## Und heute?
Heute steht der Begriff für Märkte mit Gebrauchtem aller Art. Die Unterschiede zu verwandten Begriffen erklärt [Flohmarkt, Trödelmarkt, Antikmarkt](/ratgeber/flohmarkt-troedelmarkt-antikmarkt/).","F: Wie heißt Flohmarkt auf Englisch?
A: Flea market.

F: Seit wann gibt es Flohmärkte in Deutschland?
A: Märkte für Gebrauchtes gibt es seit Jahrhunderten. Den Namen Flohmarkt trugen sie in Deutschland verbreitet ab dem 20. Jahrhundert.","flohmarkt-troedelmarkt-antikmarkt, flohmarkt-begriffe, second-hand-nachhaltig, flohmaerkte-hamburg",Nein,Nein
flohmarkt-begriffe,Ja,grundwissen,Flohmarkt Begriffe VB,Info,"Flohmarkt-Begriffe von A bis Z: VB, Standmeter und Co.","Was heißt VB, was ist ein laufender Meter und was bedeutet Pkw am Stand? Die wichtigsten Flohmarkt-Begriffe kurz und verständlich erklärt.",Flohmarkt-Begriffe von A bis Z,"Die wichtigsten Begriffe: VB heißt Verhandlungsbasis, der laufende Meter ist die Einheit für die Standlänge, Pkw am Stand bedeutet, dass dein Auto hinter dem Tisch steht, und Profis sind gewerbliche Händler.","## Rund um den Stand
Laufender Meter: Länge der Standfläche, Grundlage der [Standgebühr](/ratgeber/standgebuehr-flohmarkt/). Pkw am Stand: Auto direkt am Platz, meist gegen Aufpreis. Aufbauzeit: Zeitfenster vor Marktbeginn.

## Rund ums Kaufen
VB: Verhandlungsbasis, der Preis ist verhandelbar. Wühlkiste: Kiste mit Einheitspreis. Gekauft wie gesehen: Ausschluss der Gewährleistung, erklärt in [Gekauft wie gesehen](/ratgeber/gekauft-wie-gesehen/).

## Rund um die Märkte
Profimarkt: überwiegend gewerbliche Händler. Privatmarkt: nur Privatleute, Neuware verboten. Unterschiede der Markttypen stehen in [Flohmarkt, Trödelmarkt, Antikmarkt](/ratgeber/flohmarkt-troedelmarkt-antikmarkt/).","F: Was bedeutet VB auf dem Flohmarkt?
A: Verhandlungsbasis. Der Preis ist ein Vorschlag, siehe [Handeln](/ratgeber/handeln-auf-dem-flohmarkt/).

F: Was ist ein Privatflohmarkt?
A: Ein Markt, auf dem nur Privatpersonen gebrauchte Sachen verkaufen dürfen.","standgebuehr-flohmarkt, handeln-auf-dem-flohmarkt, flohmarkt-troedelmarkt-antikmarkt, gekauft-wie-gesehen",Nein,Nein
haendler-erkennen-flohmarkt,Ja,grundwissen,Flohmarkt privat oder Händler,Info,Privatverkäufer oder Händler? So erkennst du den Unterschied,"Neuware, Kartons voller gleicher Artikel, Kartenleser: Woran du auf dem Flohmarkt Händler erkennst und warum das für deine Rechte als Käufer wichtig ist.",Privatverkäufer oder Händler? So erkennst du den Unterschied,"Händler haben oft viele gleiche Artikel, Neuware, feste Preise und manchmal ein Kartenterminal. Privatleute verkaufen gemischte Einzelstücke aus dem eigenen Haushalt. Für dich zählt das, weil Händler Gewährleistung geben müssen.","## Typische Merkmale
Mehrfach vorhandene Ware, professionelle Stände, Visitenkarten, Rechnungen auf Nachfrage. Ein Aushang mit Name und Anschrift ist bei gewerblichen Anbietern üblich.

## Warum es wichtig ist
Beim Händler hast du mehr Rechte, siehe [Rückgabe und Gewährleistung](/ratgeber/rueckgabe-gewaehrleistung-flohmarkt/). Bei sehr günstiger Markenware in Stückzahlen hilft [Fälschungen erkennen](/ratgeber/faelschungen-erkennen-flohmarkt/).

## Einfach fragen
„Verkaufen Sie privat?“ ist eine normale Frage. Die rechtliche Grenze erklärt [Privat oder gewerblich?](/ratgeber/gewerblich-oder-privat-flohmarkt/).","F: Dürfen Händler auf Privatflohmärkten verkaufen?
A: Nein, das verbieten die Marktordnungen solcher Märkte. Auf gemischten Märkten schon.

F: Sind Händler teurer?
A: Oft ja, dafür ist die Ware häufig geprüft und sortiert.","gewerblich-oder-privat-flohmarkt, rueckgabe-gewaehrleistung-flohmarkt, faelschungen-erkennen-flohmarkt, flohmarkt-begriffe",Nein,Nein
second-hand-nachhaltig,Ja,grundwissen,Second Hand nachhaltig Flohmarkt,Info,Second Hand und Flohmarkt: Warum Gebrauchtes nachhaltig ist,Jedes gebrauchte Teil ersetzt im besten Fall eine Neuproduktion. Warum Flohmärkte ein Beitrag zur Kreislaufwirtschaft sind und worauf es dabei ankommt.,Second Hand und Flohmarkt: Warum Gebrauchtes nachhaltig ist,"Wer gebraucht kauft, verlängert die Nutzungsdauer eines Produkts und spart im besten Fall eine Neuproduktion ein. Das spart Rohstoffe, Energie und Abfall. Am wirksamsten ist es, wenn das Gebrauchte wirklich einen Neukauf ersetzt.","## Warum die Nutzungsdauer zählt
Ein großer Teil der Umweltbelastung vieler Produkte entsteht bei der Herstellung. Je länger ein Produkt genutzt wird, desto besser verteilt sich dieser Aufwand.

## Kaufen mit Plan
Nachhaltig wird es, wenn du gezielt kaufst statt aus Schnäppchenlaune. Tipps für langlebige Kleidung in [Vintage-Kleidung](/ratgeber/vintage-kleidung-flohmarkt/).

## Weitergeben statt wegwerfen
Was nicht verkauft wird, findet über Spenden ein zweites Leben, siehe [Nach dem Flohmarkt](/ratgeber/reste-nach-dem-flohmarkt/).","F: Ist Second Hand immer nachhaltig?
A: Nicht automatisch. Wer mehr kauft, weil es günstig ist, gleicht den Vorteil teilweise aus.

F: Was ist Kreislaufwirtschaft?
A: Ein Wirtschaften, bei dem Produkte möglichst lange genutzt, repariert und weitergegeben werden.","vintage-kleidung-flohmarkt, reste-nach-dem-flohmarkt, woher-kommt-das-wort-flohmarkt, flohmaerkte-hamburg",Nein,Nein
flohmaerkte-hamburg,Ja,grundwissen,Flohmarkt Hamburg,Lokal,Flohmärkte in Hamburg: Die bekanntesten Märkte im Überblick,"Flohschanze, Flohdom, Nachtflohmarkt und Nachbarschaftsmärkte: Die bekanntesten Flohmärkte in Hamburg mit Wochentagen, Stadtteilen und aktuellen Terminen.",Flohmärkte in Hamburg: die bekanntesten Märkte,"Zu den bekanntesten Flohmärkten Hamburgs gehören die Flohschanze in St. Pauli, die beiden Flohdom-Märkte auf den Rennbahnen in Bahrenfeld und Horn sowie der Nachtflohmarkt vor der Rindermarkthalle. Dazu kommen viele kleinere Nachbarschaftsmärkte.","## Die großen Samstagsmärkte
[Flohschanze](/flohmarkt/flohschanze/), [Flohdom Bahrenfeld](/flohmarkt/flohdom-bahrenfeld/) und [Flohdom Horn](/flohmarkt/flohdom-horner-rennbahn/) finden jeden Samstag statt, Bahrenfeld zusätzlich mittwochs. Früh hingehen lohnt sich, siehe [beste Uhrzeit](/ratgeber/beste-uhrzeit-flohmarkt/).

## Abends und in der Nachbarschaft
Der [Nachtflohmarkt](/ratgeber/nachtflohmarkt/) an der Rindermarkthalle läuft in der Saison unter der Woche. In der Saison gibt es monatliche Märkte unter anderem in [Altona](/flohmarkt-hamburg/altona/), [Barmbek](/flohmarkt-hamburg/nord/) und [Eimsbüttel](/flohmarkt-hamburg/eimsbuettel/). Was heute los ist, zeigt [Flohmarkt Hamburg heute](/heute/).

## Alle Termine
Die vollständige Liste mit Uhrzeiten und Adressen steht im [Flohlotse-Kalender](/termine/). Einen eigenen Markt planen? Siehe [Genehmigungen in Hamburg](/ratgeber/flohmarkt-organisieren-genehmigung/).","F: Welcher ist der größte Flohmarkt in Hamburg?
A: Zu den größten zählen die Flohdom-Märkte auf den Rennbahnen in Horn und Bahrenfeld.

F: Gibt es sonntags Flohmärkte in Hamburg?
A: Ja, vor allem Nachbarschaftsmärkte und Märkte auf Supermarkt- und Möbelhausparkplätzen. Die nächsten Termine zeigt [Flohmarkt Hamburg am Sonntag](/sonntag/).","nachtflohmarkt, beste-uhrzeit-flohmarkt, hamburger-flohmarkt-schnack, flohmarkt-knigge",Nein,Nein
