Markt,Datum,Beginn,Ende,Status,Hinweis
kultur-flohmarkt-museum-der-arbeit,03.10.2026,09:00,16:00,Findet statt,
schallplattenboerse-hamburg-haus,17.10.2026,11:30,,Findet statt,
flohmarkt-hansaplatz,10.10.2026,09:00,16:00,Findet statt,
flohmarkt-lange-reihe,24.10.2026,11:00,17:00,Findet statt,
spielzeugflohmarkt-oberhafen,31.10.2026,11:00,16:00,Findet statt,
flohmarkt-rewe-winterhude,04.10.2026,08:30,16:00,Findet statt,
frauenflohmarkt-tausendschoen,17.10.2026,10:00,16:00,Findet statt,
frauenflohmarkt-tausendschoen,18.10.2026,10:00,16:00,Findet statt,
hallenflohmarkt-haw-bergedorf,25.10.2026,08:30,16:00,Findet statt,
flohmarkt-parkhaus-rewe-wandsbek,18.10.2026,,,Findet statt,
flohmarkt-parkhaus-berne,31.10.2026,08:00,16:00,Findet statt,
antik-troedelmarkt-schenefeld,04.10.2026,09:00,16:00,Findet statt,
flohmarkt-flugplatz-heist,04.10.2026,09:00,15:00,Findet statt,
flohmarkt-flugplatz-heist,18.10.2026,09:00,15:00,Findet statt,
famila-flohmarkt-quickborn,04.10.2026,08:00,16:00,Findet statt,
hagebau-flohmarkt-rellingen,11.10.2026,08:00,16:00,Findet statt,
adler-flohmarkt-halstenbek,18.10.2026,08:00,16:00,Findet statt,
flohmarkt-westring-pinneberg,31.10.2026,08:00,16:00,Findet statt,
flohmarkt-obi-norderstedt,11.10.2026,08:00,16:00,Findet statt,
flohmarkt-norderstedt-schmuggelstieg,03.10.2026,08:00,16:00,Findet statt,
flohmarkt-hoeffner-barsbuettel,04.10.2026,08:30,16:00,Findet statt,
flohmarkt-famila-ahrensburg,11.10.2026,08:30,16:00,Findet statt,
flohmarkt-famila-reinbek,18.10.2026,08:30,16:00,Findet statt,
flohmarkt-oststeinbek,25.10.2026,08:00,16:00,Findet statt,
flohmarkt-famila-geesthacht,11.10.2026,08:30,16:00,Findet statt,
antik-troedelmarkt-schenefeld,08.11.2026,09:00,16:00,Findet statt,
antik-troedelmarkt-schenefeld,06.12.2026,09:00,16:00,Findet statt,
flohmarkt-famila-reinbek,08.11.2026,,,Findet statt,
flohmarkt-famila-reinbek,13.12.2026,,,Findet statt,
flohmarkt-rewe-winterhude,01.11.2026,,,Findet statt,
spielzeugflohmarkt-oberhafen,21.11.2026,11:00,16:00,Findet statt,
frauenflohmarkt-tausendschoen,14.11.2026,10:00,16:00,Findet statt,
frauenflohmarkt-tausendschoen,15.11.2026,10:00,16:00,Findet statt,
flohmarkt-obi-norderstedt,08.11.2026,08:00,16:00,Findet statt,
flohmarkt-oststeinbek,29.11.2026,08:00,16:00,Findet statt,
flohmarkt-parkhaus-berne,20.12.2026,08:00,16:00,Findet statt,
flohmarkt-parkhaus-rewe-wandsbek,06.12.2026,,,Findet statt,
