# Postleitzahlen im Raum Hamburg mit Lage. Quelle: GeoNames (www.geonames.org), Lizenz CC BY 4.0 (creativecommons.org/licenses/by/4.0/). Nicht ändern.
plz,ort,lat,lng
19258,Nostorf,53.4066,10.6541
19258,Schwanheide,53.4292,10.6830
20038,Hamburg,53.5544,9.9946
20066,AdvoCard Rechtschutzversicherung Aktiengesellschaft,53.6012,10.0265
20067,Yvonne Bauer Service KG,53.5484,10.0028
20068,GlaxoSmithKline GmbH & Co. KG Rechnungskontrolle,53.5462,10.0262
20069,Familienkasse Nord,53.5519,10.0175
20070,Agentur für Arbeit Hamburg,53.5519,10.0175
20071,Volksfürsorge AG Vertriebsgesellschaft für Vorsorge- und Finanzprodukte,53.6012,10.0265
20072,neue leben Lebensversicherung AG,53.5455,10.0263
20073,Vattenfall Europe AG,53.5334,9.9793
20074,Generali Versicherung,53.5512,10.0138
20076,AMB Generali Schadenmanagement GmbH,53.6012,10.0265
20077,Heinrich Bauer Verlagsgruppe,53.5484,10.0028
20079,Deutsche Bank AG in Hamburg,53.5496,9.9903
20079,Hamburg Commercial Bank AG,53.5518,9.9992
20079,Hapag-Lloyd AG,53.5533,9.9975
20079,Kravag,53.5438,10.0313
20079,M.M. Warburg & CO (AG & Co.) KGaA,53.5525,9.9977
20080,DPV Deutscher Pressevertrieb,53.5425,9.9845
20081,AachenMünchener Versicherung AG,53.5452,10.0214
20084,Volksfürsorge Deutsche Sachversicherung AG,53.6012,10.0265
20085,EOS DID Deutscher Inkasso-Dienst GmbH,53.5558,10.0167
20086,Bauer Vertriebs KG,53.5484,10.0028
20087,Neugebauer Service OHG,53.5966,10.0614
20088,Otto Versand,53.6058,10.0786
20090,HUK - Coburg,53.5470,10.0203
20091,Mobil Krankenkasse,53.5494,10.0086
20092,Commerzbank AG GS-BO Credit,53.5585,10.0222
20095,Hamburg,53.5521,10.0004
20095,Hamburg Altstadt,53.5453,9.9953
20095,Hamburg Klostertor,53.5439,10.0133
20095,Hamburg Sankt Georg,53.5564,10.0144
20097,Hamburg,53.5481,10.0194
20097,Hamburg Hammerbrook,53.5467,10.0314
20097,Hamburg Klostertor,53.5439,10.0133
20097,Hamburg Sankt Georg,53.5564,10.0144
20099,Hamburg,53.5583,10.0107
20099,Hamburg Hamburg-Altstadt,53.5453,9.9953
20099,Hamburg Sankt Georg,53.5564,10.0144
20139,Berufsgenossenschaft Holz und Metall Bezirksverwaltung,53.5748,9.9883
20139,Bezirksamt Eimsbüttel,53.5757,9.9782
20139,Brown-Forman Beverages Europe Ltd.,53.5575,9.9867
20139,Fisser & v. Doornum GmbH & Co.,53.5670,9.9910
20139,GVL,53.5643,9.9922
20139,Gerling u. Co.,53.5743,9.9985
20139,Hoffmann & Campe Verlag,53.5782,9.9988
20139,KNSK  BBDO Werbeagentur GmbH  GWA,53.5671,10.0004
20139,Kino-Verlag,53.5706,9.9958
20140,GEZ,53.5745,9.9920
20140,Norddeutscher Rundfunk,53.5770,9.9894
20144,Hamburg,53.5740,9.9747
20144,Hamburg Eimsbüttel,53.5725,9.9497
20144,Hamburg Harvestehude,53.5764,9.9867
20144,Hamburg Hoheluft-Ost,53.5828,9.9808
20144,Hamburg Rotherbaum,53.5694,9.9853
20146,Hamburg,53.5666,9.9800
20146,Hamburg Harvestehude,53.5764,9.9867
20146,Hamburg Rotherbaum,53.5694,9.9853
20148,Hamburg,53.5674,9.9977
20148,Hamburg Harvestehude,53.5764,9.9867
20148,Hamburg Rotherbaum,53.5694,9.9853
20149,Hamburg,53.5792,9.9929
20149,Hamburg Harvestehude,53.5764,9.9867
20149,Hamburg Rotherbaum,53.5694,9.9853
20242,Verlagsgruppe Milchstraße,53.5640,9.9951
20243,Beiersdorf-Lilly GmbH,53.5821,9.9615
20243,Bezirksamt Hamburg-Nord,53.5901,9.9843
20243,Kahl Dr. Pinckernelle,53.5846,9.9880
20243,Reifen Helm GmbH,53.6031,9.9676
20243,Welt Report,53.5837,9.9696
20244,Seniorenzentrum St. Markus Hoheluft,53.5816,9.9653
20244,Stiftung Anscharhöhe,53.5982,9.9830
20245,Beiersdorf AG,53.5794,9.9599
20246,Universitätsklinikum Hamburg-Eppendorf,53.5902,9.9785
20247,Wine Dock GmbH,53.5585,9.9092
20249,Hamburg,53.5894,9.9897
20249,Hamburg Eppendorf,53.5892,9.9814
20249,Hamburg Harvestehude,53.5764,9.9867
20249,Hamburg Hoheluft-Ost,53.5828,9.9808
20249,Hamburg Winterhude,53.5953,10.0122
20251,Hamburg,53.5830,9.9813
20251,Hamburg Alsterdorf,53.6108,10.0131
20251,Hamburg Eppendorf,53.5892,9.9814
20251,Hamburg Hoheluft-Ost,53.5828,9.9808
20253,Hamburg,53.5818,9.9719
20253,Hamburg Eimsbüttel,53.5725,9.9497
20253,Hamburg Harvestehude,53.5764,9.9867
20253,Hamburg Hoheluft-Ost,53.5828,9.9808
20253,Hamburg Hoheluft-West,53.5808,9.9683
20253,Hamburg Lokstedt,53.6031,9.9564
20255,Hamburg,53.5767,9.9490
20255,Hamburg Eimsbüttel,53.5725,9.9497
20255,Hamburg Hoheluft-West,53.5808,9.9683
20255,Hamburg Lokstedt,53.6031,9.9564
20255,Hamburg Stellingen,53.5914,9.9400
20257,Hamburg,53.5751,9.9450
20257,Hamburg Altona-Nord,53.5614,9.9447
20257,Hamburg Eimsbüttel,53.5725,9.9497
20259,Hamburg,53.5711,9.9534
20259,Hamburg Eimsbüttel,53.5725,9.9497
20346,EXXON Mobil Central Europe Holding GmbH,53.5549,9.9840
20347,ADE Schnellwaagen u. Aufschnittmaschinen Fabrik Walter R. Mayer (GmbH & Co.),53.5574,9.9703
20347,Berufsgenossenschaft für Gesundheitsdienst und Wohlfahrtspflege,53.5687,9.9681
20347,British-American Tobacco (Germany) GmbH,53.5598,9.9959
20347,Glaxo GmbH,53.5592,9.9951
20347,Hafenkrankenhaus,53.5487,9.9686
20347,Provinzial Leben (Versicherungsanstalt),53.5533,9.9871
20347,ZBW Deutsche Zentralbibliothek für Wirtschaftswissenschaften,53.5570,9.9926
20348,Amtsgericht Hamburg,53.5559,9.9768
20348,Landgericht Hamburg,53.5567,9.9769
20350,ASV GmbH Direktmarketing,53.5444,10.0272
20350,AUTOBILD Axel Springer Auto & Motorsport Verlag,53.5527,9.9850
20350,AXEL SPRINGER SE,53.5527,9.9850
20350,BILANZ,53.5527,9.9850
20350,BILD Hamburg,53.5527,9.9850
20350,BILD Hilft e.V.,53.5527,9.9850
20350,COMPUTER BILD Axel Springer Computer BILD Digital GmbH,53.5527,9.9850
20350,COMPUTER BILD-SPIELE Axel Springer Computer BILD Digital GmbH,53.5527,9.9850
20350,DAK ehemals BKK Betriebskrankenkasse AS SE,53.5527,9.9850
20350,MEDIA IMPACT GMBH,53.5527,9.9850
20350,PACE Catering  Kantine AS SE,53.5527,9.9850
20350,SALES IMPACT GMBH,53.5527,9.9850
20350,SPORTBILD Axel Springer Sport Verlag GmbH,53.5527,9.9850
20350,WAMS,53.5527,9.9850
20350,WELTN24,53.5527,9.9850
20350,ZZ-Kurier GmbH,53.5527,9.9850
20351,SIGNAL IDUNA Gruppe,53.5613,9.9938
20354,Hamburg,53.5568,9.9898
20354,Hamburg Neustadt,53.5497,9.9794
20354,Hamburg Rotherbaum,53.5694,9.9853
20354,Hamburg Sankt Pauli,53.5511,9.9700
20355,Hamburg,53.5568,9.9801
20355,Hamburg Neustadt,53.5497,9.9794
20355,Hamburg Sankt Pauli,53.5511,9.9700
20357,Hamburg,53.5642,9.9679
20357,Hamburg Altona-Altstadt,53.5503,9.9353
20357,Hamburg Altona-Nord,53.5614,9.9447
20357,Hamburg Eimsbüttel,53.5725,9.9497
20357,Hamburg Rotherbaum,53.5694,9.9853
20357,Hamburg Sankt Pauli,53.5511,9.9700
20359,Hamburg,53.5512,9.9662
20359,Hamburg Altona-Altstadt,53.5503,9.9353
20359,Hamburg Neustadt,53.5497,9.9794
20359,Hamburg Sankt Pauli,53.5511,9.9700
20444,Gruner + Jahr AG & CoKG,53.5453,9.9796
20445,FUNKE Medien Hamburg GmbH,53.5486,9.9900
20446,Körber-Stiftung,53.5434,9.9838
20449,Deutscher Ring Krankenversicherungsverein a.G,53.5613,9.9938
20450,Greenpeace e.V.,53.5422,10.0018
20451,ZEUS Vermittlungsgesellschaft mbH,53.5735,10.0147
20452,R+V Allgemeine Versicherung AG,53.5485,9.9846
20453,Statistisches Amt für Hamburg und Schleswig-Holstein,53.5457,9.9930
20454,Commerzbank Hamburg Aktiengesellschaft,53.5444,10.0319
20454,Hamburger Sparkasse AG,53.5492,9.9910
20454,Spiegel-Verlag Rudolf Augstein GmbH & Co. KG,53.5456,10.0036
20454,manager magazin Verlagsgesellschaft mbH,53.5456,10.0036
20457,Hamburg,53.5336,9.9808
20457,Hamburg Hamburg-Altstadt,53.5453,9.9953
20457,Hamburg Kleiner Grasbrook,53.5297,9.9883
20457,Hamburg Klostertor,53.5439,10.0133
20457,Hamburg Neustadt,53.5497,9.9794
20457,Hamburg Steinwerder,53.5392,9.9614
20459,Hamburg,53.5502,9.9841
20459,Hamburg Hamburg-Altstadt,53.5453,9.9953
20459,Hamburg Neustadt,53.5497,9.9794
20459,Hamburg Sankt Pauli,53.5511,9.9700
20531,Annoncen Avis Verlagsgesellschaft mbH & Co KG,53.5518,10.0513
20531,Deutsche Post AG Hamburg 26,53.5583,10.0460
20531,Emporium-Merkator Münzhandelsgesellschaft mbH,53.5472,10.0558
20531,Finanzamt Hamburg-Mitte-Altstadt,53.5518,10.0513
20531,Hamburger Gaswerke GmbH Technische Betriebe,53.5293,10.0633
20531,Hamburger Wasserwerke GmbH,53.5332,10.0409
20531,Landeskrankenhilfe,53.5518,10.0513
20531,Otto Krahn Group GmbH,53.5411,10.0551
20531,Stadtreinigung Hamburg,53.5447,10.0361
20531,YASHICA Kyocera GmbH,53.5518,10.0513
20533,REAL Solution Inkasso GmbH & Co. KG,53.5507,10.0340
20535,Hamburg,53.5598,10.0485
20535,Hamburg Borgfelde,53.5550,10.0333
20535,Hamburg Hamm-Nord,53.5603,10.0511
20537,Hamburg,53.5506,10.0569
20537,Hamburg Borgfelde,53.5550,10.0333
20537,Hamburg Hamm-Mitte,53.5531,10.0511
20537,Hamburg Hamm-Süd,53.5486,10.0511
20537,Hamburg Hammerbrook,53.5467,10.0314
20539,Hamburg,53.5389,10.0343
20539,Hamburg Kleiner Grasbrook,53.5297,9.9883
20539,Hamburg Rothenburgsort,53.5356,10.0369
20539,Hamburg Veddel,53.5281,10.0217
20539,Hamburg Wilhelmsburg,53.4978,10.0189
20901,Techniker Krankenkasse,53.5826,10.0454
20903,Techniker Krankenkasse,53.5826,10.0454
20911,Advigon Versicherung AG,53.5597,9.9923
20912,Techniker Krankenkasse,53.5826,10.0454
20913,Techniker Krankenkasse,53.5826,10.0454
20914,Techniker Krankenkasse,53.5826,10.0454
20915,Techniker Krankenkasse,53.5826,10.0454
21027,Baltic Elektronik GmbH Werk Hamburg,53.4893,10.1946
21027,Bergedorfer Buchdruckerei von Ed. Wagner GmbH & Co.,53.4797,10.2070
21027,Bergedorfer Zeitung,53.4797,10.2070
21027,Berufsgenossenschaftliches Unfallkrankenhaus Hamburg,53.5068,10.1792
21027,Bezirksamt Bergedorf,53.4877,10.2208
21027,Citizen Watch Europe GmbH,53.4930,10.1183
21027,Cocq Datendienst GmbH,53.4942,10.1948
21027,DHL Solutions GmbH,53.4990,10.1111
21027,Detlev Louis Motorradvertriebs- gesellschaft mbH,53.4960,10.1138
21027,Deutsche Post AG Niederlassung Hamburg (Paket),53.4965,10.1130
21027,Fristam Pumpen KG (GmbH & Co.),53.4883,10.1942
21027,Hamburger Wochenblatt Verlag GmbH & Co. KG,53.4797,10.2070
21027,Körber-Stiftung,53.4892,10.2010
21027,Von Thünen - Institut,53.5039,10.2032
21029,Hamburg,53.4826,10.2211
21029,Hamburg Altengamme,53.4306,10.2678
21029,Hamburg Bergedorf,53.4858,10.2267
21029,Hamburg Curslack,53.4533,10.2353
21031,Hamburg,53.5057,10.2042
21031,Hamburg Bergedorf,53.4858,10.2267
21031,Hamburg Lohbrügge,53.5089,10.1983
21033,Hamburg,53.5053,10.1518
21033,Hamburg Bergedorf,53.4858,10.2267
21033,Hamburg Billwerder,53.5069,10.1256
21033,Hamburg Lohbrügge,53.5089,10.1983
21035,Hamburg,53.4882,10.1445
21035,Hamburg Allermöhe,53.4836,10.1250
21035,Hamburg Bergedorf,53.4858,10.2267
21035,Hamburg Billwerder,53.5069,10.1256
21037,Hamburg,53.4508,10.1419
21037,Hamburg Allermöhe,53.4836,10.1250
21037,Hamburg Curslack,53.4533,10.2353
21037,Hamburg Kirchwerder,53.4397,10.1719
21037,Hamburg Neuengamme,53.4456,10.2211
21037,Hamburg Ochsenwerder,53.4719,10.0942
21037,Hamburg Reitbrook,53.4683,10.1444
21037,Hamburg Spadenland,53.4814,10.0664
21037,Hamburg Tatenberg,53.4936,10.0797
21039,Börnsen,53.4762,10.2816
21039,Escheburg,53.4667,10.3167
21039,Hamburg,53.4430,10.2514
21039,Hamburg Altengamme,53.4306,10.2678
21039,Hamburg Bergedorf,53.4858,10.2267
21039,Hamburg Curslack,53.4533,10.2353
21039,Hamburg Neuengamme,53.4456,10.2211
21071,Avad,53.4661,9.9865
21071,Freie und Hansestadt Hamburg Bezirksamt Harburg,53.4596,9.9797
21071,Technische Universität Hamburg-Harburg,53.4610,9.9698
21073,Hamburg,53.4581,9.9725
21073,Hamburg Eißendorf,53.4514,9.9350
21073,Hamburg Harburg,53.4592,9.9806
21073,Hamburg Heimfeld,53.4650,9.9586
21073,Hamburg Wilstorf,53.4436,9.9842
21075,Hamburg,53.4570,9.9301
21075,Hamburg Eißendorf,53.4514,9.9350
21075,Hamburg Harburg,53.4592,9.9806
21075,Hamburg Hausbruch,53.4703,9.8933
21075,Hamburg Heimfeld,53.4650,9.9586
21077,Hamburg,53.4332,9.9517
21077,Hamburg Eißendorf,53.4514,9.9350
21077,Hamburg Langenbek,53.4328,9.9908
21077,Hamburg Marmstorf,53.4339,9.9589
21077,Hamburg Rönneburg,53.4319,10.0094
21077,Hamburg Sinstorf,53.4208,9.9875
21077,Hamburg Wilstorf,53.4436,9.9842
21079,Hamburg,53.4616,10.0109
21079,Hamburg Gut Moor,53.4508,10.0186
21079,Hamburg Harburg,53.4592,9.9806
21079,Hamburg Hausbruch,53.4703,9.8933
21079,Hamburg Heimfeld,53.4650,9.9586
21079,Hamburg Langenbek,53.4328,9.9908
21079,Hamburg Moorburg,53.4883,9.9303
21079,Hamburg Neuland,53.4672,10.0297
21079,Hamburg Rönneburg,53.4319,10.0094
21079,Hamburg Sinstorf,53.4208,9.9875
21079,Hamburg Wilstorf,53.4436,9.9842
21105,Becker Helmut  Ing. GmbH Elektrogroßhandel,53.4842,9.9911
21105,Freudenberg Sealing Technologies GmbH,53.5096,9.9822
21105,GoodMills Deutschland GmbH,53.4930,9.9831
21105,Hellmann Worldwide Logistics Road & Rail GmbH & Co.KG,53.5117,9.9816
21107,Hamburg,53.5100,9.9784
21107,Hamburg Steinwerder,53.5392,9.9614
21107,Hamburg Wilhelmsburg,53.4978,10.0189
21109,Hamburg,53.5007,10.0137
21109,Hamburg Veddel,53.5281,10.0217
21109,Hamburg Wilhelmsburg,53.4978,10.0189
21129,Hamburg,53.5194,9.8994
21129,Hamburg Altenwerder,53.5047,9.9206
21129,Hamburg Cranz,53.5364,9.7797
21129,Hamburg Finkenwerder,53.5303,9.8689
21129,Hamburg Francop,53.5075,9.8544
21129,Hamburg Moorburg,53.4883,9.9303
21129,Hamburg Neuenfelde,53.5217,9.8003
21129,Hamburg Waltershof,53.5292,9.9214
21147,Hamburg,53.4842,9.8512
21147,Hamburg Hausbruch,53.4703,9.8933
21147,Hamburg Neugraben-Fischbek,53.4772,9.8458
21149,Hamburg,53.4526,9.8619
21149,Hamburg Hausbruch,53.4703,9.8933
21149,Hamburg Neugraben-Fischbek,53.4772,9.8458
21170,Deutsche Post AG Niederlassung BRIEF Hamburg Süd,53.4824,9.9037
21172,Medico-Lab GmbH,53.3273,10.2036
21175,Nord-Ostsee Automobile SE & Co. KG,53.4810,10.2055
21217,Seevetal,53.4193,10.0211
21218,Seevetal,53.4000,9.9667
21220,Seevetal,53.3661,10.0480
21224,Rosengarten,53.4065,9.9256
21227,Bendestorf,53.3358,9.9615
21228,Harmstorf,53.3500,9.9833
21244,Buchholz in der Nordheide,53.3264,9.8681
21255,Dohren,53.3000,9.7000
21255,Kakenstorf,53.3032,9.7629
21255,Königsmoor,53.2263,9.6796
21255,Tostedt,53.2833,9.7167
21255,Wistedt,53.2667,9.6833
21256,Handeloh,53.2456,9.8392
21258,Heidenau,53.3167,9.6667
21259,Otter,53.2402,9.7425
21261,Welle,53.2398,9.8018
21266,Jesteburg,53.3097,9.9526
21271,Asendorf,53.2927,9.9791
21271,Hanstedt,53.2667,10.0167
21272,Egestorf,53.1930,10.0630
21274,Undeloh,53.1971,9.9757
21279,Appel,53.3906,9.7456
21279,Drestedt,53.3305,9.7574
21279,Hollenstedt,53.3667,9.7167
21279,Wenzendorf,53.3495,9.7723
21332,Agentur für Arbeit Lüneburg,53.2453,10.4072
21332,Die Sparkasse,53.2498,10.4071
21332,Finanzamt Lüneburg,53.2554,10.4110
21332,Industrie- und Handelskammer Lüneburg-Wolfsburg,53.2473,10.4084
21332,Landeskrankenhilfe VVaG,53.2328,10.4054
21332,Landgericht,53.2507,10.4079
21332,Landkreis Lüneburg,53.2498,10.4009
21332,Niedersächsisches Landesamt für Bezüge und Versorgung ( NLBV),53.2539,10.4116
21332,Psychiatrische Klinik Lüneburg gGmbH,53.2551,10.3867
21332,Staatsanwaltschaft Lüneburg,53.2516,10.4077
21332,Stadt Lüneburg,53.2507,10.4077
21332,Städtisches Krankenhaus Lüneburg,53.2409,10.3959
21332,Universität Lüneburg,53.2260,10.4014
21333,Agentur für Arbeit Lüneburg,53.2453,10.4072
21335,Lüneburg,53.2329,10.4078
21337,Lüneburg,53.2558,10.4398
21339,Lüneburg,53.2604,10.3968
21357,Bardowick,53.2935,10.3881
21357,Barum,53.3500,10.4000
21357,Wittorf,53.3333,10.3833
21358,Mechtersen,53.2833,10.3167
21360,Vögelsen,53.2745,10.3537
21365,Adendorf,53.2819,10.4379
21376,Eyendorf,53.2000,10.1500
21376,Garlstorf,53.2373,10.1014
21376,Gödenstorf,53.2285,10.1235
21376,Salzhausen,53.2234,10.1698
21379,Echem,53.3333,10.5333
21379,Lüdersburg,53.3214,10.5742
21379,Rullstorf,53.2865,10.5297
21379,Scharnebeck,53.2924,10.5019
21380,Artlenburg,53.3718,10.4879
21382,Brietlingen,53.3333,10.4500
21385,Oldendorf (Luhe),53.1500,10.2167
21388,Soderstorf,53.1428,10.1481
21391,Dachtmissen,53.2538,10.3178
21391,Reppenstedt,53.2500,10.3500
21394,Heiligenthal,53.2206,10.3363
21394,Kirchgellersen,53.2333,10.3000
21394,Südergellersen,53.2167,10.3000
21394,Westergellersen,53.2333,10.2500
21395,Tespe,53.3964,10.4108
21409,Embsen,53.1761,10.3463
21421,Dorothea Halle GmbH,53.3642,10.1914
21423,Drage,53.4167,10.2667
21423,Winsen (Luhe),53.3484,10.2068
21435,Stelle,53.3842,10.1114
21436,Marschacht,53.4152,10.3752
21438,Brackel,53.2997,10.0486
21439,Marxen,53.3121,10.0041
21441,Garstedt,53.2847,10.1614
21442,Toppenstedt,53.2643,10.1145
21444,Vierhöfen,53.2667,10.2167
21445,Wulfsen,53.3000,10.1500
21447,Handorf,53.3408,10.3465
21449,Radbruch,53.3167,10.2833
21462,Allergopharma GmbH & Co. KG,53.5226,10.2452
21462,Almirall Hermal GmbH,53.5239,10.2467
21462,Amtsgericht Reinbek,53.5106,10.2535
21462,Behrmann KG  Otto A.L.,53.5251,10.2329
21462,E. Michaelis & Co. (GmbH & Co) KG,53.5312,10.2391
21462,Kahl  Amandus GmbH & Co,53.5251,10.2329
21462,Krankenhaus Reinbek St. Adolf-Stift,53.5103,10.2407
21462,Papier Union GmbH & Co. KG,53.5260,10.2359
21462,Stadt Reinbek,53.5102,10.2506
21462,Wachtel GmbH  Berthold,53.5251,10.2329
21465,Reinbek,53.5170,10.2488
21465,Wentorf bei Hamburg,53.5000,10.2500
21481,Buchhorst,53.3860,10.5655
21481,Lauenburg/Elbe,53.3740,10.5510
21481,Schnakenbek,53.3833,10.5000
21483,Basedow,53.4167,10.5833
21483,Dalldorf,53.4350,10.6118
21483,Gülzow,53.4500,10.5000
21483,Juliusburg,53.4167,10.5000
21483,Krukow,53.4167,10.4833
21483,Krüzen,53.4000,10.5333
21483,Lanze,53.3871,10.6049
21483,Lütau,53.4333,10.5500
21483,Wangelau,53.4500,10.5500
21493,Basthorst,53.5768,10.4738
21493,Elmenhorst,53.5456,10.5352
21493,Fuhlenhagen,53.5730,10.5284
21493,Grabau,53.5136,10.5200
21493,Grove,53.5333,10.4833
21493,Groß Pampau,53.5222,10.5620
21493,Havekost,53.5500,10.4667
21493,Möhnsen,53.5667,10.4500
21493,Mühlenrade,53.6000,10.4833
21493,Sahms,53.5254,10.5330
21493,Schretstaken,53.5833,10.5500
21493,Schwarzenbek,53.5030,10.4806
21493,Talkau,53.5752,10.5708
21500,Amtsgericht Geesthacht,53.4307,10.3762
21500,Beco Technic GmbH,53.4362,10.3438
21500,GKSS-Forschungszentrum Geesthacht GmbH,53.4036,10.4266
21500,Kernkraftwerk Krümmel GmbH & Co. oHG,53.4124,10.4029
21500,LADR GmbH Medizinisches Versorgungszentrum Dr. Kramer & Kollegen,53.4348,10.3834
21500,Nordpfeil GmbH,53.4398,10.3576
21500,Stadt Geesthacht,53.4305,10.3758
21500,Torquato AG,53.4360,10.3930
21502,Geesthacht,53.4358,10.3779
21502,Hamwarde,53.4500,10.4167
21502,Wiershop,53.4333,10.4500
21502,Worth,53.4667,10.4167
21509,Glinde,53.5441,10.2005
21514,Bröthen,53.4795,10.6676
21514,Büchen,53.4801,10.6176
21514,Fitzen,53.4949,10.6466
21514,Göttin,53.5333,10.7000
21514,Güster,53.5385,10.6761
21514,Hornbek,53.5667,10.6333
21514,Kankelau,53.5500,10.5667
21514,Klein Pampau,53.5124,10.5891
21514,Roseburg,53.5300,10.6264
21514,Siebeneichen,53.5109,10.6181
21514,Witzeeze,53.4515,10.6080
21516,Müssen,53.4924,10.5640
21516,Schulendorf,53.4732,10.5610
21516,Tramm,53.5645,10.6117
21516,Woltersdorf,53.5727,10.6432
21521,Aumühle,53.5333,10.3167
21521,Dassendorf,53.4953,10.3599
21521,Wohltorf,53.5167,10.2833
21522,Hittbergen,53.3445,10.5891
21522,Hohnstorf (Elbe),53.3667,10.5500
21524,Brunstorf,53.4933,10.4252
21526,Hohenhorn,53.4765,10.3646
21527,Kollow,53.4667,10.4667
21529,Kröppelshagen-Fahrendorf,53.4898,10.3170
21614,Buxtehude,53.4672,9.6864
21629,Neu Wulmstorf,53.4227,9.7896
21635,Jork,53.5320,9.6808
21640,Bliedersdorf,53.4833,9.5667
21640,Horneburg,53.5067,9.5755
21640,Neuenkirchen,53.5167,9.6000
21640,Nottensdorf,53.4833,9.6000
21641,Apensen,53.4333,9.6167
21643,Beckdorf,53.4167,9.6167
21644,Sauensiek,53.3833,9.6000
21646,Halvesbostel,53.3553,9.5985
21647,Moisburg,53.4062,9.6988
21649,Regesbostel,53.3833,9.6500
21676,Agentur für Arbeit Stade,53.6016,9.4821
21677,Agentur für Arbeit Stade,53.6016,9.4821
21677,Dow Deutschland Inc. Werk Stade,53.6355,9.4870
21677,Elbe Kliniken Stade-Buxtehude GmbH,53.5957,9.4434
21677,Finanzamt Stade,53.5890,9.4888
21677,Hansestadt Stade Abteilung Personal u. innere Dienste,53.6011,9.4761
21677,Landkreis Stade,53.5988,9.4776
21680,Stade,53.5908,9.4848
21682,Stade,53.6084,9.4688
21683,Stade,53.6000,9.4833
21684,Agathenburg,53.5607,9.5318
21684,Stade,53.6000,9.4833
21698,Bargstedt,53.4667,9.4500
21698,Brest,53.4500,9.3833
21698,Harsefeld,53.4540,9.5030
21702,Ahlerstedt,53.4000,9.4500
21706,Drochtersen,53.7101,9.3846
21709,Düdenbüttel,53.5904,9.3500
21709,Himmelpforten,53.6141,9.3052
21710,Engelschoff,53.6667,9.3333
21714,Hammah,53.6167,9.3667
21717,Deinste,53.5290,9.4438
21717,Fredenbeck,53.5236,9.4035
21720,Grünendeich,53.5695,9.6122
21720,Guderhandviertel,53.5492,9.6096
21720,Mittelnkirchen,53.5422,9.6232
21720,Steinkirchen,53.5660,9.6111
21723,Hollern-Twielenfleth,53.6000,9.5500
21726,Heinbockel,53.5833,9.3333
21739,Dollern,53.5333,9.5500
22032,Hanseatische Krankenkasse,53.5765,10.0792
22034,Hanseatische Krankenkasse Beitragsabteilung,53.5765,10.0792
22035,BOESCHE Staatliche Lotterieeinnahme,53.5802,10.1211
22036,Mercedes-Benz AG LN 164/34540,53.5894,10.0932
22037,Deutsche Rentenversicherung Nord,53.5921,10.1072
22039,Amtsgericht Hamburg-Wandsbek,53.5727,10.0759
22039,Bundeswehrkrankenhaus,53.5940,10.0796
22039,HAF Hamburger Akademie für Fernstudien,53.5728,10.0803
22039,HZK - DIE PROFIKRANKENKASSE,53.5765,10.0811
22039,Helmut-Schmidt-Universität Universität der Bundeswehr,53.5688,10.1065
22039,Jungheinrich AG,53.5892,10.0977
22039,Karstadt AG  Filiale 150,53.5719,10.0659
22041,Hamburg,53.5741,10.0760
22041,Hamburg Marienthal,53.5594,10.0858
22041,Hamburg Tonndorf,53.5869,10.1175
22041,Hamburg Wandsbek,53.5794,10.0864
22043,Hamburg,53.5691,10.1209
22043,Hamburg Jenfeld,53.5772,10.1281
22043,Hamburg Marienthal,53.5594,10.0858
22043,Hamburg Tonndorf,53.5869,10.1175
22045,Hamburg,53.5829,10.1268
22045,Hamburg Jenfeld,53.5772,10.1281
22045,Hamburg Tonndorf,53.5869,10.1175
22047,Hamburg,53.5883,10.0897
22047,Hamburg Bramfeld,53.6122,10.0886
22047,Hamburg Tonndorf,53.5869,10.1175
22047,Hamburg Wandsbek,53.5794,10.0864
22049,Hamburg,53.5808,10.0594
22049,Hamburg Dulsberg,53.5825,10.0625
22049,Hamburg Wandsbek,53.5794,10.0864
22078,Norddeutsche Blindenhörbücherei e.V.,53.5739,10.0122
22079,AOK Rheinland / Hamburg - Die Gesundheitskasse,53.5669,10.0587
22081,Hamburg,53.5760,10.0467
22081,Hamburg Barmbek-Süd,53.5800,10.0436
22081,Hamburg Uhlenhorst,53.5714,10.0189
22083,Hamburg,53.5750,10.0342
22083,Hamburg Barmbek-Süd,53.5800,10.0436
22085,Hamburg,53.5771,10.0190
22085,Hamburg Barmbek-Süd,53.5800,10.0436
22085,Hamburg Uhlenhorst,53.5714,10.0189
22087,Hamburg,53.5660,10.0247
22087,Hamburg Eilbek,53.5661,10.0475
22087,Hamburg Hamm-Nord,53.5603,10.0511
22087,Hamburg Hohenfelde,53.5628,10.0264
22087,Hamburg Uhlenhorst,53.5714,10.0189
22089,Hamburg,53.5685,10.0589
22089,Hamburg Eilbek,53.5661,10.0475
22089,Hamburg Hamm-Nord,53.5603,10.0511
22089,Hamburg Hohenfelde,53.5628,10.0264
22089,Hamburg Marienthal,53.5594,10.0858
22089,Hamburg Wandsbek,53.5794,10.0864
22102,KG Ritz Messwandler GmbH & Co.,53.5469,10.0855
22111,Hamburg,53.5401,10.1031
22111,Hamburg Billbrook,53.5281,10.0933
22111,Hamburg Billstedt,53.5411,10.1242
22111,Hamburg Horn,53.5536,10.1033
22113,Hamburg,53.5312,10.1207
22113,Hamburg Allermöhe,53.4836,10.1250
22113,Hamburg Billbrook,53.5281,10.0933
22113,Hamburg Billstedt,53.5411,10.1242
22113,Hamburg Billwerder,53.5069,10.1256
22113,Hamburg Horn,53.5536,10.1033
22113,Hamburg Lohbrügge,53.5089,10.1983
22113,Hamburg Moorfleet,53.5092,10.0828
22113,Oststeinbek,53.5432,10.1694
22115,Hamburg,53.5281,10.1473
22115,Hamburg Billstedt,53.5411,10.1242
22115,Hamburg Lohbrügge,53.5089,10.1983
22117,Hamburg,53.5389,10.1280
22117,Hamburg Billstedt,53.5411,10.1242
22119,Hamburg,53.5498,10.1091
22119,Hamburg Billstedt,53.5411,10.1242
22119,Hamburg Horn,53.5536,10.1033
22139,Bip Sossong GmbH Bärbel Sossong,53.6606,10.3124
22140,Catharina Reisen u. Vertriebs GmbH,53.6554,10.2916
22143,Hamburg,53.6063,10.1669
22143,Hamburg Rahlstedt,53.6095,10.1926
22145,Braak,53.6099,10.2453
22145,Hamburg,53.6228,10.1761
22145,Hamburg Farmsen-Berne,53.6081,10.1272
22145,Hamburg Rahlstedt,53.6072,10.1606
22145,Stapelfeld,53.6000,10.2167
22147,Hamburg,53.6112,10.1356
22147,Hamburg Rahlstedt,53.6072,10.1606
22149,Hamburg,53.5893,10.1691
22149,Hamburg Rahlstedt,53.6072,10.1606
22149,Hamburg Tonndorf,53.5869,10.1175
22159,Hamburg,53.6153,10.1162
22159,Hamburg Bramfeld,53.6122,10.0886
22159,Hamburg Farmsen-Berne,53.6081,10.1272
22159,Hamburg Sasel,53.6522,10.1169
22159,Hamburg Tonndorf,53.5869,10.1175
22175,Hamburg,53.6217,10.0828
22175,Hamburg Bramfeld,53.6122,10.0886
22177,Hamburg,53.6057,10.0691
22177,Hamburg Bramfeld,53.6122,10.0886
22177,Hamburg Steilshoop,53.6158,10.0572
22179,Hamburg,53.6058,10.0833
22179,Hamburg Bramfeld,53.6122,10.0886
22222,Kasse.Hamburg,53.5615,9.9116
22276,ERGO Lebensversicherung AG Aktion,53.6013,10.0178
22277,Betriebs-Center für Banken AG,53.6044,10.0271
22278,interServ GmbH Center Hamburg interscan Zustellurkunden,53.6061,10.0164
22279,Deutsche Postbank AG Niederlassung Hamburg (Giro),53.6044,10.0271
22280,Deutsche Postbank AG Niederlassung Hamburg (Giro),53.6044,10.0271
22281,Verwaltungs-Berufsgenossenschaft Hauptverwaltung,53.6013,9.9902
22282,Deutsche Post AG Auftragserfassung Pressepost,53.5643,9.9405
22283,Deutsche Postbank AG Niederlassung Hamburg (Spar),53.6044,10.0271
22284,Shell Deutschland GmbH,53.6206,10.0145
22284,Sodexo Services GmbH,53.6206,10.0145
22287,ERGO Lebensversicherung AG,53.6013,10.0178
22288,Jahreszeiten-Verlag,53.5782,9.9988
22290,Tchibo,53.6069,10.0191
22291,Asklepios Klinik Barmbek,53.6063,10.0360
22291,Deutsche BP Holding AG,53.6012,10.0265
22291,EDEKA ZENTRALE Stiftung & Co. KG,53.6029,10.0202
22291,EDEKABANK AG,53.6029,10.0202
22291,RWE-DEA AG,53.6013,10.0166
22291,Techniker Krankenkasse,53.5826,10.0454
22292,CONOCO Phillips Germany GmbH,53.6055,10.0233
22292,Deutsche Post AG Hamburg 60,53.6031,10.0247
22292,Deutsche Post AG SNL Rechnungswesen Filiale,53.6042,10.0165
22292,Deutsche Post AG Unternehmensbereich P/E/I Vertriebsregion Nord-Ost,53.6042,10.0165
22292,Deutsche Post AG Unternehmenskommunikation,53.6042,10.0165
22292,Deutsche Telekom AG Direktion Hamburg,53.6042,10.0165
22292,Deutsche Telekom AG Niederlassung 2 Hamburg Bezügerechnungszentrum,53.6051,10.0244
22292,Evangelische Stiftung Alsterdorf,53.6138,10.0234
22292,Siemens Nixdorf Informationssysteme AG,53.6061,10.0190
22293,Logica-CMG GmbH & Co. KG,53.5833,10.0284
22294,Hansa Baugenossenschaft eG,53.5872,10.0576
22294,Ortsamt Barmbek-Uhlenhorst,53.5862,10.0436
22297,Hamburg,53.6023,10.0252
22297,Hamburg Alsterdorf,53.6108,10.0131
22297,Hamburg Barmbek-Nord,53.5961,10.0511
22297,Hamburg Groß Borstel,53.6086,9.9869
22297,Hamburg Winterhude,53.5953,10.0122
22299,Hamburg,53.5957,10.0016
22299,Hamburg Winterhude,53.5953,10.0122
22301,Hamburg,53.5843,10.0030
22301,Hamburg Winterhude,53.5953,10.0122
22303,Hamburg,53.5843,10.0266
22303,Hamburg Barmbek-Nord,53.5961,10.0511
22303,Hamburg Winterhude,53.5953,10.0122
22305,Hamburg,53.5886,10.0483
22305,Hamburg Barmbek-Nord,53.5961,10.0511
22305,Hamburg Barmbek-Süd,53.5800,10.0436
22305,Hamburg Winterhude,53.5953,10.0122
22307,Hamburg,53.5992,10.0420
22307,Hamburg Barmbek-Nord,53.5961,10.0511
22309,Hamburg,53.6068,10.0474
22309,Hamburg Barmbek-Nord,53.5961,10.0511
22309,Hamburg Bramfeld,53.6122,10.0886
22309,Hamburg Ohlsdorf,53.6219,10.0411
22309,Hamburg Steilshoop,53.6158,10.0572
22331,Airbus Industrie,53.6198,9.9959
22331,Allgemeine Deutsche Schiffszimmerer Genossenschaft eG,53.6081,10.0342
22331,Alpha Com GmbH,53.6149,10.0009
22331,Desitin Arzneimittel GmbH,53.6229,10.0074
22331,Düllberg Konzentra GmbH & Co.,53.6189,10.0029
22331,Eppendorf SE,53.6477,10.0614
22331,Gerstel KG,53.6160,10.0008
22331,HKL Baumaschinen GmbH NL Hamburg,53.6459,10.0305
22331,Landesbund der Gartenfreunde in Hamburg e.V.,53.6253,10.0323
22331,Lotterie-Einnahme Hans Herzog,53.6458,10.0374
22331,Mailing GmbH,53.6376,10.0160
22331,Ortsamt Fuhlsbüttel,53.6307,10.0272
22331,Philips Medizin Systeme Unternehmensbereich der Philips GmbH,53.6234,10.0150
22331,Verlag Handwerk und Technik GmbH,53.6467,10.0306
22332,Dt. Lufthansa AG,53.6217,9.9970
22335,Hamburg,53.6274,10.0143
22335,Hamburg Alsterdorf,53.6108,10.0131
22335,Hamburg Fuhlsbüttel,53.6289,10.0161
22335,Hamburg Groß Borstel,53.6086,9.9869
22335,Hamburg Ohlsdorf,53.6219,10.0411
22337,Hamburg,53.6283,10.0347
22337,Hamburg Alsterdorf,53.6108,10.0131
22337,Hamburg Ohlsdorf,53.6219,10.0411
22339,Hamburg,53.6508,10.0432
22339,Hamburg Fuhlsbüttel,53.6289,10.0161
22339,Hamburg Hummelsbüttel,53.6539,10.0486
22357,Brigitta Winter (Mutter und Kind Dienst),53.6553,10.1047
22359,Hamburg,53.6556,10.1656
22359,Hamburg Bergstedt,53.6672,10.1306
22359,Hamburg Rahlstedt,53.6072,10.1606
22359,Hamburg Volksdorf,53.6497,10.1842
22389,Kaufhof Warenhaus AG,53.6537,10.0886
22389,Krauth und Timmermann GmbH,53.6700,10.0689
22389,Presse Versand Schneehagen GmbH,53.6359,10.0961
22389,Sick AG,53.6700,10.0682
22391,Hamburg,53.6423,10.0819
22391,Hamburg Bramfeld,53.6122,10.0886
22391,Hamburg Hummelsbüttel,53.6539,10.0486
22391,Hamburg Ohlsdorf,53.6219,10.0411
22391,Hamburg Poppenbüttel,53.6564,10.0742
22391,Hamburg Sasel,53.6522,10.1169
22391,Hamburg Wellingsbüttel,53.6431,10.0897
22393,Hamburg,53.6471,10.1156
22393,Hamburg Bramfeld,53.6122,10.0886
22393,Hamburg Poppenbüttel,53.6564,10.0742
22393,Hamburg Sasel,53.6522,10.1169
22393,Hamburg Wellingsbüttel,53.6431,10.0897
22395,Hamburg,53.6707,10.1231
22395,Hamburg Bergstedt,53.6672,10.1306
22395,Hamburg Poppenbüttel,53.6564,10.0742
22395,Hamburg Sasel,53.6522,10.1169
22395,Hamburg Wohldorf-Ohlstedt,53.7019,10.1306
22397,Hamburg,53.7042,10.1172
22397,Hamburg Duvenstedt,53.7067,10.0944
22397,Hamburg Lemsahl-Mellingstedt,53.6811,10.0867
22397,Hamburg Wohldorf-Ohlstedt,53.7019,10.1306
22399,Hamburg,53.6641,10.0715
22399,Hamburg Hummelsbüttel,53.6539,10.0486
22399,Hamburg Lemsahl-Mellingstedt,53.6811,10.0867
22399,Hamburg Poppenbüttel,53.6564,10.0742
22413,AK Heidberg,53.6747,10.0286
22413,AK Ochsenzoll,53.6720,10.0029
22413,Arrivo Marketing Kripahle & Borrink oHG,53.6738,9.9960
22415,Hamburg,53.6446,10.0078
22415,Hamburg Fuhlsbüttel,53.6289,10.0161
22415,Hamburg Hummelsbüttel,53.6539,10.0486
22415,Hamburg Langenhorn,53.6633,10.0083
22417,Hamburg,53.6671,10.0345
22417,Hamburg Hummelsbüttel,53.6539,10.0486
22417,Hamburg Langenhorn,53.6633,10.0083
22419,Hamburg,53.6663,10.0057
22419,Hamburg Langenhorn,53.6633,10.0083
22451,Albertinen Krankenhaus,53.6320,9.9055
22451,Altenzentrum -Elim-,53.6187,9.9394
22451,DITHA-Elektrofachgroßhandelshaus ZweigNL der Otra Nord-Ost GmbH,53.6056,9.9804
22451,DURAG GmbH,53.6077,9.9592
22451,Geo Poulson,53.6163,9.9979
22451,Hans Kogel  Honighaus Bienenfleiß,53.6278,9.9503
22451,IKEA,53.6484,9.9278
22451,Juki (Europe) GmbH,53.6213,9.9553
22451,SPIKES-SPIDER Vertriebsgesellschaft Heiko Ippen GmbH,53.6136,9.9696
22451,Schacht & Westrich GmbH,53.6155,9.9969
22451,Strathmann GmbH & Co. KG,53.6757,10.0026
22451,Stulz GmbH,53.6343,9.9108
22453,Hamburg,53.6082,9.9694
22453,Hamburg Fuhlsbüttel,53.6289,10.0161
22453,Hamburg Groß Borstel,53.6086,9.9869
22453,Hamburg Niendorf,53.6186,9.9611
22455,Hamburg,53.6407,9.9550
22455,Hamburg Niendorf,53.6186,9.9611
22455,Hamburg Schnelsen,53.6364,9.9306
22457,Hamburg,53.6382,9.9121
22457,Hamburg Eidelstedt,53.6050,9.9161
22457,Hamburg Niendorf,53.6186,9.9611
22457,Hamburg Schnelsen,53.6364,9.9306
22459,Hamburg,53.6242,9.9235
22459,Hamburg Niendorf,53.6186,9.9611
22459,Hamburg Schnelsen,53.6364,9.9306
22520,Finanzamt Hamburg - Eimsbüttel,53.5950,9.9457
22520,Finanzamt Hamburg-Am Tierpark,53.5948,9.9445
22520,Finanzamt für Prüfungsdienste und Strafsachen in Hamburg,53.5948,9.9445
22521,IKK classic,53.5947,9.9254
22521,Norddeutscher Rundfunk Fernsehen,53.5987,9.9472
22521,Panasonic Marketing Europe GmbH,53.5747,9.9117
22523,Hamburg,53.6108,9.9033
22523,Hamburg Eidelstedt,53.6050,9.9161
22525,Hamburg,53.5920,9.9198
22525,Hamburg Bahrenfeld,53.5697,9.9092
22525,Hamburg Eidelstedt,53.6050,9.9161
22525,Hamburg Eimsbüttel,53.5725,9.9497
22525,Hamburg Lurup,53.5939,9.8742
22525,Hamburg Stellingen,53.5914,9.9400
22527,Hamburg,53.5930,9.9397
22527,Hamburg Eidelstedt,53.6050,9.9161
22527,Hamburg Eimsbüttel,53.5725,9.9497
22527,Hamburg Lokstedt,53.6031,9.9564
22527,Hamburg Stellingen,53.5914,9.9400
22529,Hamburg,53.6021,9.9589
22529,Hamburg Eppendorf,53.5892,9.9814
22529,Hamburg Groß Borstel,53.6086,9.9869
22529,Hamburg Hoheluft-West,53.5808,9.9683
22529,Hamburg Lokstedt,53.6031,9.9564
22529,Hamburg Niendorf,53.6186,9.9611
22529,Hamburg Stellingen,53.5914,9.9400
22545,ALFONS HAAR Maschinenbau GmbH & Co.KG,53.5979,9.8993
22545,CRÖNERT creazioni Crönert KG,53.5837,9.8727
22545,Feldtmann  Heinrich  GmbH,53.5817,9.8497
22545,GEHE Pharma Handel GmbH NL Hamburg der GEHE AG,53.5802,9.8523
22545,Hermes Schleifmittel GmbH,53.5888,9.8761
22545,Ipsos Deutschland GmbH,53.5716,9.8475
22545,Josef Möbius Bau-GmbH,53.5802,9.8523
22545,Leseberg Automobile GmbH,53.5725,9.8490
22547,Hamburg,53.5892,9.8831
22547,Hamburg Bahrenfeld,53.5697,9.9092
22547,Hamburg Eidelstedt,53.6050,9.9161
22547,Hamburg Lurup,53.5939,9.8742
22547,Hamburg Osdorf,53.5736,9.8522
22549,Hamburg,53.5824,9.8556
22549,Hamburg Bahrenfeld,53.5697,9.9092
22549,Hamburg Lurup,53.5939,9.8742
22549,Hamburg Osdorf,53.5736,9.8522
22557,Berendsohn AG,53.5811,9.7662
22557,Krankenhaus Rissen der DRK Schwesternschaft Hamburg GmbH,53.5822,9.7730
22559,Hamburg,53.5931,9.7651
22559,Hamburg Rissen,53.5847,9.7564
22585,Ortsamt Blankenese,53.5648,9.8088
22587,Hamburg,53.5652,9.8000
22587,Hamburg Blankenese,53.5575,9.8031
22587,Hamburg Nienstedten,53.5500,9.8631
22587,Hamburg Osdorf,53.5736,9.8522
22587,Hamburg Rissen,53.5847,9.7564
22587,Hamburg Sülldorf,53.5856,9.7989
22589,Hamburg,53.5827,9.8079
22589,Hamburg Blankenese,53.5575,9.8031
22589,Hamburg Iserbrook,53.5781,9.8281
22589,Hamburg Osdorf,53.5736,9.8522
22589,Hamburg Sülldorf,53.5856,9.7989
22603,Deutsches Elektronen Synchroton DESY,53.5733,9.8806
22603,Reemtsma Cigaretten Fabriken GmbH,53.5745,9.8870
22605,Hamburg,53.5512,9.8846
22605,Hamburg Bahrenfeld,53.5697,9.9092
22605,Hamburg Groß Flottbek,53.5658,9.8794
22605,Hamburg Othmarschen,53.5550,9.8881
22607,Hamburg,53.5712,9.8745
22607,Hamburg Bahrenfeld,53.5697,9.9092
22607,Hamburg Groß Flottbek,53.5658,9.8794
22607,Hamburg Nienstedten,53.5500,9.8631
22607,Hamburg Othmarschen,53.5550,9.8881
22609,Hamburg,53.5701,9.8654
22609,Hamburg Groß Flottbek,53.5658,9.8794
22609,Hamburg Nienstedten,53.5500,9.8631
22609,Hamburg Osdorf,53.5736,9.8522
22609,Hamburg Othmarschen,53.5550,9.8881
22743,AstraZeneca GmbH,53.5585,9.9092
22744,Broadway Musical Management GmbH,53.5603,9.9591
22745,Greenpeace e.V.,53.5422,10.0018
22746,Euler Hermes Deutschland AG,53.5615,9.9116
22747,Amtsgericht Hamburg Zweigstelle Altona,53.5557,9.9427
22748,Siemssen & Co. GmbH,53.5461,9.9369
22750,Verlagsgruppe Milchstraße,53.5640,9.9951
22754,Sparda - Bank Hamburg eG,53.5539,9.9362
22755,Holsten-Brauerei AG,53.5617,9.9457
22756,Wüstenrot Bausparkasse AG,53.5576,10.0207
22758,ALK - Abello Arzneimittel GmbH,53.5764,9.7345
22758,Amtsgericht Hamburg-Altona,53.5562,9.9436
22758,DAL Deutsche Afrika-Linien GmbH & Co. KG,53.5461,9.9395
22758,Kaufmännische Krankenkasse KKH Regionalgeschäftsstelle,53.5737,9.9404
22758,Märkte & Medien Verlagsgesellschaft mbH,53.5452,9.9515
22758,Wünsche AG,53.5461,9.9361
22761,Hamburg,53.5660,9.9116
22761,Hamburg Bahrenfeld,53.5697,9.9092
22763,Hamburg,53.5520,9.9084
22763,Hamburg Othmarschen,53.5550,9.8881
22763,Hamburg Ottensen,53.5550,9.9181
22765,Hamburg,53.5528,9.9361
22765,Hamburg Altona-Altstadt,53.5503,9.9353
22765,Hamburg Altona-Nord,53.5614,9.9447
22765,Hamburg Ottensen,53.5550,9.9181
22767,Hamburg,53.5509,9.9425
22767,Hamburg Altona-Altstadt,53.5503,9.9353
22767,Hamburg Ottensen,53.5550,9.9181
22767,Hamburg Sankt Pauli,53.5511,9.9700
22769,Hamburg,53.5625,9.9573
22769,Hamburg Altona-Altstadt,53.5503,9.9353
22769,Hamburg Altona-Nord,53.5614,9.9447
22769,Hamburg Bahrenfeld,53.5697,9.9092
22769,Hamburg Eimsbüttel,53.5725,9.9497
22769,Hamburg Sankt Pauli,53.5511,9.9700
22769,Hamburg Stellingen,53.5914,9.9400
22776,DAK - Deutsche Angestellten Krankenkasse Bayern und NRW,53.5486,10.0190
22777,DAK - Deutsche Angestellten Krankenkasse Bayern und NRW,53.5486,10.0190
22778,DAK-Gesundheit,53.5486,10.0190
22779,DAK-Gesundheit,53.5486,10.0190
22782,Reemtsma Cigaretten GmbH,53.5745,9.8870
22783,Deutsche Postbank AG Niederlassung Hamburg (Giro),53.6044,10.0271
22785,Deutsche Post AG NL BRIEF,53.5660,9.9364
22787,Deutsche Telekom Kundenniederlassung Hamburg,53.6012,10.0265
22788,DAK-Deutsche Angestellten-Krankenkasse Hauptgeschäftsstelle,53.5486,10.0190
22789,DAK-Deutsche Angestellten-Krankenkasse Hauptgeschäftsstelle,53.5486,10.0190
22790,Nord-Ostsee Automobile SE & Co. KG,53.6494,10.0347
22791,Hanseatisches Wein- und Sekt-Kontor Hawesko GmbH,53.5585,9.9092
22792,Barclays Bank Ireland PLC,53.5616,9.9164
22794,Deutsche Post AG Direkt Marketing Center Hamburg GWK,53.5740,9.8874
22795,DP CSC Deutsche Post Customer Service Center,53.5822,10.0280
22796,UniCredit Bank AG,53.5505,9.9906
22797,Baloise Lebensversicherungs AG Deutschland,53.5496,9.9782
22799,Deutsche Telekom Hamburg Kundenniederlassung,53.6012,10.0265
22839,Tesa SE,53.6693,9.9683
22841,Rewe & Co. oHG Niederlassung Norderstedt,53.8040,9.9421
22841,Stadt Norderstedt Stadtverwaltung,53.7079,9.9941
22842,Adlershorst Baugenossenschaft,53.6811,9.9878
22842,Albert Eisele,53.6811,9.9956
22842,Barmer Ersatzkasse,53.6849,9.9862
22842,Casio Europe GmbH,53.6634,9.9746
22842,Dr. Krause/Herbst,53.6821,9.9966
22842,Elisabeth Eisele,53.6697,9.9797
22842,Gebr. Winkler,53.6641,9.9884
22842,Genuport GmbH & Co KG,53.6601,9.9835
22842,Hausmann Hausverwaltung,53.6829,10.0113
22842,Heidorn  Rechtsanwalt,53.6813,9.9966
22842,Hermann Schröder & Co GmbH Metallwarenfabrik,53.6633,9.9892
22842,Hinr. Plambeck & Söhne GmbH & Co KG.,53.6815,9.9879
22842,Horne/Tomadich,53.6820,9.9972
22842,IBH  Ingenieurbüro Harm Elektrotechnik GmbH,53.6611,9.9869
22842,Jürgen Wernicke,53.6854,10.0219
22842,RAe. Thun und Partner,53.6849,9.9862
22842,ROLF SIEVERS Tiefbau GmbH & Co.,53.6653,9.9851
22842,Volksbank Raiffeisenbank eG,53.6821,9.9846
22842,Österreichischer Lloyd Ship Management GmbH Zweigniederlassung Deutschland,53.6641,9.9845
22844,Norderstedt,53.7246,10.0124
22846,Norderstedt,53.7099,9.9946
22848,Norderstedt,53.6736,9.9833
22850,Norderstedt,53.6855,9.9976
22851,Norderstedt,53.6874,10.0366
22865,SPAR Inkassokontor GmbH & Co. KG,53.5942,9.8350
22866,Doboy Verpackungsmaschinen GmbH,53.6037,9.8364
22866,Harry-Brot GmbH,53.6037,9.8364
22866,InfoSystems GmbH Visuelle und akustische Systeme für die Verkehrstechnik,53.6099,9.8401
22866,Jenoptik Impulsphysik GmbH,53.6060,9.8276
22866,Karl H. Bartels GmbH,53.5992,9.8529
22866,Schloss Göhrde Tiefkühlproduktion GmbH,53.5918,9.8289
22866,Stadtverwaltung Schenefeld,53.6000,9.8364
22866,Verkehrsbetriebe Hamburg-Holstein GmbH,53.4807,10.2104
22867,SPAR Handels-Aktiengesellschaft,53.5942,9.8350
22869,Schenefeld,53.6000,9.8500
22876,ALK - Abello Arzneimittel GmbH,53.5764,9.7345
22876,Astra GmbH,53.5708,9.7331
22876,JENOPTIK Advanced Systems GmbH,53.5779,9.7343
22880,Wedel,53.5837,9.6984
22885,Barsbüttel,53.5667,10.1667
22889,Tangstedt,53.7333,10.0833
22923,Eurohypo AG,53.6668,10.2323
22923,Hela Gewürzwerk Hermann Laue GmbH,53.6807,10.2518
22923,Minolta GmbH,53.6888,10.2612
22923,Stadtverwaltung,53.6735,10.2359
22923,edding Aktiengesellschaft,53.6918,10.2571
22926,Ahrensburg,53.6752,10.2259
22927,Großhansdorf,53.6667,10.2833
22929,Delingsdorf,53.7000,10.2500
22929,Hamfelde in Holstein,53.6037,10.4513
22929,Hamfelde in Lauenburg,53.5966,10.4482
22929,Hammoor,53.7138,10.3220
22929,Kasseburg,53.5675,10.4165
22929,Köthel,53.6091,10.5092
22929,Rausdorf,53.5894,10.3305
22929,Schönberg,53.6832,10.4267
22939,Getriebebau Nord GmbH & Co. KG,53.7296,10.2658
22941,Bargteheide,53.7286,10.2669
22941,Jersbek,53.7333,10.2167
22946,Brunsbek,53.6000,10.2667
22946,Dahmker,53.5833,10.4500
22946,Grande,53.5833,10.3833
22946,Großensee,53.6126,10.3396
22946,Hohenfelde,53.6333,10.4667
22946,Trittau,53.6167,10.4000
22949,Ammersbek,53.7000,10.2000
22952,Lütjensee,53.6500,10.3667
22955,Hoisdorf,53.6500,10.3167
22956,Grönwohld,53.6416,10.4078
22958,Kuddewörde,53.5833,10.4000
22959,Linau,53.6445,10.4685
22962,Siek,53.6333,10.3000
22964,Steinburg,53.7167,10.4000
22965,Todendorf,53.6946,10.3478
22967,Tremsbüttel,53.7438,10.3102
22969,Witzhave,53.5667,10.3333
23791,Möbel Kraft,53.9382,10.2988
23792,Amtsgericht,53.9337,10.3183
23792,Finanzamt,53.9331,10.3056
23792,Kreisverwaltung,53.9366,10.3039
23795,Fahrenkrug,53.9500,10.2500
23795,Högersdorf,53.9167,10.2833
23795,Klein Gladebrügge,53.9167,10.3167
23795,Mözen,53.9167,10.2500
23795,Schwissel,53.9000,10.3000
23795,Traventhal,53.9000,10.3167
23812,Wahlstedt,53.9516,10.2063
23816,Bebensee,53.8833,10.3000
23816,Groß Niendorf,53.8463,10.2431
23816,Leezen,53.8667,10.2500
23816,Neversdorf,53.8667,10.2833
23818,Neuengörs,53.9000,10.3833
23826,Bark,53.9115,10.1795
23826,Fredesdorf,53.8758,10.1969
23826,Todesfelde,53.9000,10.1833
23829,Kükels,53.9000,10.2333
23829,Wittenborn,53.9220,10.2207
23840,Asklepios Klinik Bad Oldesloe,53.8123,10.3645
23840,BTI Euro Lloyd Euro Lloyd Reisebüro GmbH & Co.KG,53.8020,10.3883
23840,Carl Bockwoldt,53.8103,10.3977
23840,Finanzamt Stormarn,53.8111,10.3801
23840,Fire Protection Equipment GmbH,53.8020,10.3883
23840,Hako-Werke GmbH u. Co.,53.7997,10.3491
23840,Kreisverwaltung Stormarn,53.8039,10.3799
23840,MINIMAX GmbH - Accounting,53.8020,10.3883
23840,MV Pipe Technologies GmbH,53.8020,10.3883
23840,MX Mercury Beteiligungen GmbH,53.8020,10.3883
23840,Minimax International GmbH,53.8020,10.3883
23840,Minimax Management GmbH,53.8020,10.3883
23840,Sparkasse Holstein,53.8098,10.3721
23840,Viking GmbH,53.8020,10.3883
23841,Agentur für Arbeit Bad Oldesloe,53.8091,10.3824
23843,Bad Oldesloe,53.8117,10.3742
23843,Neritz,53.7833,10.2833
23843,Rümpel,53.7833,10.3500
23843,Travenbrück,53.8500,10.3333
23845,Bahrenhof,53.8833,10.3833
23845,Bühnsdorf,53.8833,10.3833
23845,Dreggers,53.8833,10.3500
23845,Grabau,53.8000,10.2833
23845,Itzstedt,53.8080,10.1580
23845,Oering,53.8333,10.1500
23845,Seth,53.8472,10.1742
23845,Wakendorf I,53.8667,10.3667
23847,Bliestorf,53.7667,10.6000
23847,Düchelsdorf,53.7333,10.5667
23847,Grinau,53.7833,10.5500
23847,Groß Boden,53.7500,10.4500
23847,Kastorf,53.7457,10.5672
23847,Lasbek,53.7333,10.3667
23847,Meddewade,53.8096,10.4401
23847,Pölitz,53.7730,10.3828
23847,Rethwisch,53.7833,10.4500
23847,Schiphorst,53.7081,10.4612
23847,Schürensöhlen,53.7667,10.4833
23847,Siebenbäumen,53.7500,10.5333
23847,Sierksrade,53.7333,10.6000
23847,Steinhorst,53.7167,10.4833
23847,Stubben,53.7333,10.4333
23847,Westerau,53.7775,10.4882
23858,Barnitz,53.8000,10.5000
23858,Feldhorst,53.8500,10.4333
23858,Heidekamp,53.8500,10.5000
23858,Reinfeld (Holstein),53.8240,10.4958
23860,Groß Schenkenberg,53.8000,10.5667
23860,Klein Wesenberg,53.8167,10.5500
23863,Bargfeld-Stegen,53.7678,10.1875
23863,Kayhude,53.7563,10.1323
23863,Nienwohld,53.7869,10.1944
23864,Werbeservice Danger,53.7991,10.1347
23866,Nahe,53.8000,10.1333
23867,Sülfeld,53.8000,10.2333
23869,Elmenhorst,53.7667,10.2667
23879,Mölln,53.6170,10.6874
23881,Alt Mölln,53.6231,10.6618
23881,Borstorf,53.6167,10.5667
23881,Breitenfelde,53.6059,10.6334
23881,Bälau,53.6167,10.6167
23881,Koberg,53.6339,10.5236
23881,Lankau,53.6667,10.6667
23881,Niendorf an der Stecknitz,53.5855,10.6089
23883,Grambek,53.5739,10.6808
23896,Nusse,53.6565,10.5839
23896,Panten,53.6667,10.6167
23896,Poggensee,53.6500,10.5833
23896,Ritzerau,53.6667,10.5667
23896,Walksfelde,53.6333,10.5833
23898,Duvensee,53.7000,10.5667
23898,Klinkrade,53.7167,10.5500
23898,Kühsen,53.6833,10.6167
23898,Labenz,53.7098,10.5213
23898,Lüchow,53.6833,10.5333
23898,Sandesneben,53.6833,10.5000
23898,Sirksfelde,53.6667,10.5000
23898,Wentorf,53.6752,10.4739
23919,Behlendorf,53.7000,10.6667
23919,Berkenthin,53.7333,10.6500
23919,Göldenitz,53.7167,10.6333
23919,Niendorf,53.7026,10.6256
23919,Rondeshagen,53.7500,10.6333
24558,Henstedt-Ulzburg,53.8050,9.9745
24558,Wakendorf II,53.7833,10.0833
24568,Kaltenkirchen,53.8329,9.9581
24568,Kattendorf,53.8432,10.0229
24568,Nützen,53.8667,9.9167
24568,Oersdorf,53.8391,9.9911
24568,Winsen,53.8333,10.0167
24576,Bad Bramstedt,53.9183,9.8842
24576,Bimöhlen,53.9333,9.9500
24576,Hagen,53.9465,9.8266
24576,Hitzhusen,53.9240,9.8526
24576,Mönkloh,53.8902,9.7877
24576,Weddelbrook,53.9000,9.8333
24598,Heidmühlen,53.9667,10.0833
24616,Armstedt,53.9713,9.8471
24628,Hartenholm,53.8986,10.0595
24629,Kisdorf,53.8167,10.0167
24632,Heidmoor,53.8333,9.8500
24632,Lentföhrden,53.8667,9.8833
24640,Hasenmoor,53.9000,9.9833
24640,Schmalfeld,53.8833,9.9667
24641,Hüttblek,53.8333,10.0667
24641,Sievershütten,53.8424,10.1122
24641,Stuvenborn,53.8500,10.1333
24643,Struvenhütten,53.8667,10.0500
24649,Fuhlendorf,53.9437,9.8868
24649,Wiemersdorf,53.9582,9.9030
25320,Agentur für Arbeit Elmshorn,53.7564,9.6621
25333,Agentur für Arbeit Elmshorn,53.7564,9.6621
25333,Amtsgericht,53.7570,9.6525
25333,Autoliv GmbH,53.7457,9.6881
25333,Deutsche Telekom AG,53.7459,9.6434
25333,Drei-D-Direktwerbung GmbH u. Co. KG.,53.7454,9.6911
25333,Finanzamt,53.7584,9.6645
25333,Peter Kölln GmbH & Co. KGaA,53.7496,9.6534
25333,Stadtverwaltung,53.7547,9.6541
25333,Teppich-Kibek  GmbH,53.7415,9.7110
25335,Altenmoor,53.7667,9.5667
25335,Bokholt-Hanredder,53.7881,9.7359
25335,Elmshorn,53.7567,9.6426
25335,Neuendorf bei Elmshorn,53.7333,9.5667
25335,Raa-Besenbek,53.7484,9.5945
25336,Elmshorn,53.7491,9.6592
25336,Klein Nordende,53.7222,9.6542
25337,Elmshorn,53.7494,9.6850
25337,Kölln-Reisiek,53.7575,9.6977
25337,Seeth-Ekholt,53.7413,9.7300
25348,Blomesche Wildnis,53.8000,9.4167
25348,Engelbrechtsche Wildnis,53.7833,9.4833
25348,Glückstadt,53.7889,9.4258
25355,Barmstedt,53.7921,9.7674
25355,Bevern,53.7559,9.7709
25355,Bullenkuhlen,53.7667,9.7500
25355,Groß Offenseth-Aspern,53.8167,9.7333
25355,Heede,53.7833,9.8000
25355,Lutzhorn,53.8250,9.7691
25358,Hohenfelde,53.8432,9.6226
25358,Horst (Holstein),53.8167,9.6167
25358,Sommerland,53.8036,9.5375
25361,Elskop,53.8167,9.4833
25361,Grevenkop,53.8426,9.5335
25361,Krempe,53.8369,9.4883
25361,Süderau,53.8167,9.5167
25364,Bokel,53.8667,9.7333
25364,Brande-Hörnerkirchen,53.8500,9.7167
25364,Osterhorn,53.8667,9.7000
25364,Westerhorn,53.8571,9.6796
25365,Klein Offenseth-Sparrieshoop,53.7975,9.6865
25368,Kiebitzreihe,53.7833,9.6167
25370,Seester,53.7178,9.5980
25371,Seestermühe,53.7000,9.5667
25373,Ellerhoop,53.7260,9.7693
25376,Krempdorf,53.8333,9.4667
25377,Kollmar,53.7294,9.4788
25379,Herzhorn,53.7833,9.4833
25389,Deutsche Post AG Niederlassung BRIEF Elmshorn,53.7443,9.7026
25392,Kreisverwaltung Pinneberg,53.7450,9.7002
25404,Pinneberg,53.6590,9.8010
25421,Pinneberg,53.6591,9.8009
25429,Uetersen,53.6934,9.6542
25436,Groß Nordende,53.7000,9.6500
25436,Heidgraben,53.7079,9.6810
25436,Moorrege,53.6667,9.6667
25436,Neuendeich,53.6833,9.6167
25436,Tornesch,53.7000,9.7167
25436,Uetersen,53.6865,9.6694
25437,Tornesch,53.7039,9.7310
25450,Schleswig-Holstein Netz AG,53.7453,9.9416
25451,Quickborn,53.7283,9.9093
25462,Rellingen,53.6413,9.8647
25469,Halstenbek,53.6333,9.8500
25474,Bönningstedt,53.6667,9.9167
25474,Ellerbek,53.6582,9.8699
25474,Hasloh,53.6947,9.9168
25479,Ellerau,53.7500,9.9167
25482,Appen,53.6581,9.7458
25485,Bilsen,53.7667,9.8833
25485,Hemdingen,53.7667,9.8333
25485,Langeln,53.7929,9.8626
25486,Alveslohe,53.7833,9.9167
25488,Holm,53.6167,9.6667
25489,Haselau,53.6618,9.6201
25489,Haseldorf,53.6378,9.5915
25491,Hetlingen,53.6071,9.6372
25492,Heist,53.6500,9.6500
25494,Borstel-Hohenraden,53.6833,9.8167
25495,Kummerfeld,53.6926,9.7910
25497,Prisdorf,53.6833,9.7500
25499,Tangstedt,53.6771,9.8488
25548,Auufer,53.9242,9.6830
25548,Wittenbergen,53.9335,9.6861
25563,Föhrden-Barl,53.9280,9.7870
25563,Hingstheide,53.9000,9.7500
25563,Quarnstedt,53.9548,9.7874
25563,Wrist,53.9333,9.7667
25563,Wulfsmoor,53.9123,9.7240
25566,Lägerdorf,53.8833,9.5833
25566,Rethwisch,53.8670,9.5857
25578,Dägeling,53.8833,9.5333
25578,Neuenbrook,53.8607,9.5320
25597,Breitenberg,53.9241,9.6351
25597,Kronsmoor,53.9076,9.5939
25597,Moordiek,53.9140,9.6534
25597,Moordorf,53.9017,9.6162
25597,Westermoor,53.9135,9.6239
27389,Fintel,53.1719,9.6697
27389,Stemmen,53.2242,9.5531
27389,Vahlde,53.1851,9.6321
27419,Groß Meckelsen,53.2833,9.4500
27419,Hamersen,53.2559,9.4803
27419,Kalbe,53.2934,9.5506
27419,Klein Meckelsen,53.3000,9.4500
27419,Lengenbostel,53.3000,9.5167
27419,Sittensen,53.2761,9.5043
27419,Tiste,53.2833,9.5333
27419,Vierden,53.3333,9.5000
27419,Wohnste,53.3500,9.5333
27446,Farven,53.4333,9.3167
27449,Kutenholz,53.4815,9.3212
33687,CEV Handelsimmobilien Holding GmbH,53.6029,10.0202
50423,AdvoCard Rechtschutzversicherung Aktiengesellschaft,53.6012,10.0265
